collection,query
6YF5A_6YSHB,6YSHB
6XRBA_6XRBA,6XRBA
7YQ0A_7YQ0A,7YQ0A
4WACA_4X7MA,4X7MA
2FUG3_2FUGC,2FUGC
2XYQA_2XYRA,2XYRA
5MUUD_5MUUD,5MUUD
1UWEH_3MXWH,3MXWH
1BO5O_3EZWE,3EZWE
5JUOP_6XIQP2,6XIQP2
3M6KA_3M6ZA,3M6ZA
7R5JF0_7R5JF0,7R5JF0
5UZ9K_5UZ9K,5UZ9K
3J96G_6IP1E,6IP1E
2DHRA_2DHRA,2DHRA
1VYTA_8EOIJ,8EOIJ
6ZVRA_6ZVRAB,6ZVRAB
6CHGE_6UGMP,6UGMP
2YVEA_2YVEB,2YVEB
4WICA_4WIDA,4WIDA
1KGCD_4GG6G,4GG6G
2JTMA_5WWCA,5WWCA
6L6ZA_6L6ZA,6L6ZA
1IRUI_6EPC2,6EPC2
5YU5A_5YU5A,5YU5A
7N6G0A_7N6G0E,7N6G0E
5BS6A_5DEQA,5DEQA
4AQ5E_4AQ5E,4AQ5E
1ACBI_1EGLA,1EGLA
5YX9A_5YX9B,5YX9B
3J6XS8_5MC6V,5MC6V
1WE7A_1ZKHA,1ZKHA
1IRUD_5T0IJ,5T0IJ
1ZCBA_7T6BA,7T6BA
6VQIM_6VQIM,6VQIM
6G2JJ_6G72J,6G72J
4V2UA_4V2UA,4V2UA
2ZJRF_3DLLF,3DLLF
3ANGA_3ANGA,3ANGA
7RE4A_7RE4A,7RE4A
4DSQA_4DSQA,4DSQA
5SUJA_5SUJA,5SUJA
1X0OA_2K7SA,2K7SA
3E66A_3E66A,3E66A
1A5YA_2FJNB,2FJNB
4PFUA_4PFUA,4PFUA
6YNXF_6YNXF,6YNXF
7YFGB_8E97D,8E97D
3Q7HA_3Q7HN,3Q7HN
1B6UA_1M4KA,1M4KA
5TG8A_5TG8A,5TG8A
1JIDA_1MFQB,1MFQB
1JXHA_1JXHA,1JXHA
1T5RA_1T5RB,1T5RB
7UNQx_7UNQx,7UNQx
3QBWA_3QBWA,3QBWA
2Z2LA_2Z2LA,2Z2LA
6MATA_7T0VF,7T0VF
3J7OA_4V5ZBa,4V5ZBa
1ZBA2_5OWX2,5OWX2
6S62A_6S62A,6S62A
3JCTx_5FL8q,5FL8q
7PI0R_7PI0R,7PI0R
7UWUA_7UWVA,7UWVA
1IRU1_6EPC6,6EPC6
1Z92B_3NFPK,3NFPK
3L1NA_3L1NA,3L1NA
6FZNA_6FZNA,6FZNA
6BUAA_6BUAA,6BUAA
1CLEA_1CLEA,1CLEA
2YD9A_2YD9A,2YD9A
3F02A_3F5NB,3F5NB
1GATA_3DFVD,3DFVD
6SPCg_6SPCg,6SPCg
1AVDA_2A5CA,2A5CA
3J7VA_3J7VE,3J7VE
4G12A_6YL2A,6YL2A
3VVXA_3VW0D,3VW0D
4KUEA_4KUEB,4KUEB
3A5CG_3A5CG,3A5CG
4ZH0A_4ZH0A,4ZH0A
3JCUL_5MDXL,5MDXL
5IY6R_7EG9V,7EG9V
4V7QBX_8BP8C,8BP8C
1Y10A_1Y10A,1Y10A
6XFJA_6XFJB,6XFJB
1HDIA_1VJCA,1VJCA
5DAYA_6JQVA,6JQVA
7EWLA_7SHEA,7SHEA
1XBAA_3TUCA,3TUCA
4B8YA_4FILA,4FILA
1L6XB_1ZDBA,1ZDBA
1RFXA_1RFXA,1RFXA
6IQWB_6MUUB,6MUUB
6OHGA_7UBSA,7UBSA
6HU9g_6HU9g,6HU9g
2JYWA_2JYWA,2JYWA
6HIVDJ_6SG9DJ,6SG9DJ
7Y23A_7Y23C,7Y23C
5VOBB_5VOBB,5VOBB
2J91A_5NXAD,5NXAD
2IMSA_4U2UA,4U2UA
3WZ2A_3WZ2B,3WZ2B
4KTEH_4KTEH,4KTEH
6U426F_6U426F,6U426F
1NKWH_4V4GBK,4V4GBK
3J7OY_4D5YY,4D5YY
4BK4A_4BK4A,4BK4A
4KSRA_4KSRA,4KSRA
1I74A_1I74B,1I74B
4V6IAU_4V6IAU,4V6IAU
3QO4A_3U3PA,3U3PA
1CRKA_4Z9MG,4Z9MG
3SZPA_3SZPA,3SZPA
3J9MA2_6NEQm,6NEQm
3J16D_5MC6d,5MC6d
1DPZA_1HEXA,1HEXA
1CX4A_1CX4A,1CX4A
5FYWR_5SVAg,5SVAg
1VJ1A_1VJ1A,1VJ1A
1JSMA_2FK0A,2FK0A
6C6LM_6C6LM,6C6LM
6I3MG_6QG2J,6QG2J
1YUEA_1YUEA,1YUEA
1K8KA_7AQKa,7AQKa
2HB0A_2HB0A,2HB0A
2EWYA_3ZKMA,3ZKMA
5J9QC_7VVUT,7VVUT
1SDOA_1SDOA,1SDOA
3WRWA_3WRXB,3WRXB
3J9MAD_3JD5E,3JD5E
1AS4A_1QMNA,1QMNA
4V61BR_4V61BR,4V61BR
6O0DA_6O0DB,6O0DB
1AD5A_1QCFA,1QCFA
1E5WA_1E5WA,1E5WA
2FV7A_2FV7A,2FV7A
1GZ0A_1GZ0D,1GZ0D
7UDLA_7UDLA,7UDLA
3KEOA_3KETA,3KETA
6K7GA_6K7JA,6K7JA
2YKRF_2YKRF,2YKRF
2GXAA_2GXAL,2GXAL
3IHRA_4UF5A,4UF5A
7QP9A_7QP9A,7QP9A
1JF8A_1JFVA,1JFVA
4CS7A_4CS7A,4CS7A
6A9PA_6A9PA,6A9PA
1GD5A_1GD5A,1GD5A
4XHTA_4XHUB,4XHUB
2J37W_4UE5D,4UE5D
5VK2a_8EJEa,8EJEa
3J22C_3ZFGC,3ZFGC
1ZV7A_1ZV7A,1ZV7A
5A9FA_5A9FA,5A9FA
3FZVA_3FZVB,3FZVB
4Y72A_4YC6G,4YC6G
1BMOA_2V53A,2V53A
2JY9A_2JY9A,2JY9A
1KTKE_1KTKF,1KTKF
1HJ1A_1NDEA,1NDEA
1X69A_7PLLA,7PLLA
5MYJB3_5MYJB3,5MYJB3
5CY1A_5CY1A,5CY1A
2VQJA_2VQJA,2VQJA
1R3NA_1R43A,1R43A
1MLWA_3E2TA,3E2TA
5IJNH_7R5JJ4,7R5JJ4
3JCMH_5GANC,5GANC
1A34A_5BKLG,5BKLG
1LKFA_1LKFA,1LKFA
7YNYA_7YNYA,7YNYA
1SAZA_1SAZA,1SAZA
1DQWA_3GDLA,3GDLA
3A1JC_3A1JC,3A1JC
2H8VA_2H8VA,2H8VA
1ITWA_1ITWA,1ITWA
3RCWA_5PPRB,5PPRB
1EDUA_1EDUA,1EDUA
6HIVCE_6SGACE,6SGACE
1C3DA_6RMUA,6RMUA
7OOCK_7PASK,7PASK
3V4PA_3V4VC,3V4VC
7OLCLF_7R81I1,7R81I1
3GABA_3KDGA,3KDGA
2FNCA_2GHBB,2GHBB
6SAWA_6SAWA,6SAWA
2J6AA_2J6AA,2J6AA
1L9AA_4XCOB,4XCOB
1FL7B_1FL7D,1FL7D
3JA83_5XF83,5XF83
5H7AA_5H7AD,5H7AD
3J6XS1_5JUSYA,5JUSYA
3J7Ol_4V3PLo,4V3PLo
3HDEA_3HDFA,3HDFA
3J6X26_5MC6e,5MC6e
1YD9A_3IIDA,3IIDA
2E37A_2V7PA,2V7PA
4J72A_4J72A,4J72A
1WY5A_1WY5A,1WY5A
1HO1A_1M5WA,1M5WA
1B8DB_1QGWD,1QGWD
3B8KA_3B8KA,3B8KA
1P4DA_2Q7UB,2Q7UB
2XQ3A_6ZGJA,6ZGJA
8HU6A_8HUBC,8HUBC
6HU9k_6HU9k,6HU9k
1W25A_1W25A,1W25A
5U8KA_5U8KA,5U8KA
6FOCA_7JG8B,7JG8B
1IHMA_1IHMA,1IHMA
4NWBA_4NWBA,4NWBA
2C9WA_4JGHA,4JGHA
1U2JA_1U2JA,1U2JA
7W15A_7W15B,7W15B
1XW3A_1YZSA,1YZSA
2I8BA_2I8BA,2I8BA
5GHRA_5GHTA,5GHTA
6NSMA_6NSNA,6NSNA
1CMIA_1PWJA,1PWJA
3J6X19_4V6IAS,4V6IAS
2PMZA_4AYBA,4AYBA
3VFDA_5Z6QA,5Z6QA
5O2JA_5O2KB,5O2KB
1AIPA_1AIPA,1AIPA
6P1HB_6P1HB,6P1HB
6S2TA_6S2UA,6S2UA
1B6BA_1B6BA,1B6BA
1AYFA_1L6VA,1L6VA
6W8NA_6WCCA,6WCCA
2QM7A_8DPBA,8DPBA
4Y9IA_6WTAA,6WTAA
2WV7A_2XRMA,2XRMA
6L7VA_6L7VA,6L7VA
5VNVA_5VNVA,5VNVA
1SKYE_5IK2L,5IK2L
2YVYA_2YVYA,2YVYA
1KJYB_1KJYB,1KJYB
2QZSA_2QZSA,2QZSA
6ECSA_6ECSA,6ECSA
2M8HA_2M8HA,2M8HA
3JBRE_3JBRE,3JBRE
5XVSA_5XVSB,5XVSB
1H4BA_1H4BA,1H4BA
4LHXC_4LHXC,4LHXC
1PQNA_1PQNA,1PQNA
7QVCA_7QWMA,7QWMA
7EZVM_7X91H,7X91H
3RVYA_6N4RA,6N4RA
3A4LA_3A4LA,3A4LA
5CK3B_5CK3B,5CK3B
3KF9A_3KF9A,3KF9A
1AOJA_1AOJA,1AOJA
3EWEA_7N9Fe,7N9Fe
3FBZA_3FBZA,3FBZA
2JV7A_2JV7B,2JV7B
6R0LA_7CVQB,7CVQB
4F1JA_4F1JA,4F1JA
2W00A_7BSTB,7BSTB
1A0OA_1CEYA,1CEYA
6W1SS_6W1SS,6W1SS
1ZRTE_1ZRTE,1ZRTE
1FX0B_6FKFF,6FKFF
1TXUA_4N3ZA,4N3ZA
2M9KA_2M9KA,2M9KA
1GG2G_7EVWC,7EVWC
5LI0s_6S13s,6S13s
6U23A_6U23B,6U23B
1BXYA_4V4IX,4V4IX
1D5VA_1D5VA,1D5VA
1LLCA_1LLCA,1LLCA
6M20A_6M2LA,6M2LA
7E2CK_7E2CK,7E2CK
1UTXA_2LYQA,2LYQA
3T2NL_4R90L,4R90L
4UC1A_4UC3A,4UC3A
1C0AA_1C0AA,1C0AA
7P82A_7P82C,7P82C
3JUAA_3JUAG,3JUAG
1SERA_1SERB,1SERB
1SKOA_8DHBE,8DHBE
3HTEA_3HWSC,3HWSC
5K6XA_5K70B,5K70B
2JVNA_2RIQA,2RIQA
5IL9A_5JYKB,5JYKB
1QWDA_1QWDB,1QWDB
1I3QL_6RQTL,6RQTL
5MQFN_5MQFN,5MQFN
3KXYT_3KXYW,3KXYW
3JCT5_3JCT5,3JCT5
1BECA_1BECA,1BECA
7QOHg_7QOHg,7QOHg
1M8AA_2JYOA,2JYOA
1M1GA_1NPPD,1NPPD
1DQJB_1DQJB,1DQJB
2XFBA_8DWYB,8DWYB
2QFVA_2QFVA,2QFVA
7B9FC_7NP7C1,7NP7C1
3J7PSI_4D5LI,4D5LI
2WWBC_4CG5C,4CG5C
4V81F_4V81N,4V81N
5C5VA_5C5VA,5C5VA
1AG0A_3FSVA,3FSVA
6H03D_6H03D,6H03D
3WBJA_4NCFB,4NCFB
2M7QA_2M7QA,2M7QA
7Y6IA_7Y6IA,7Y6IA
2FO8A_2FO8A,2FO8A
1M2OB_6X90A,6X90A
1AOTF_1AOUF,1AOUF
2A5YB_2A5YB,2A5YB
1ATRA_1HPMA,1HPMA
2IW5B_6VYPL,6VYPL
6MJ8A_6MJCA,6MJCA
1CPJA_3CBKA,3CBKA
1X6VA_1X6VA,1X6VA
4IF8A_4IF8A,4IF8A
1BSXA_7QDTA,7QDTA
4P5AA_4P5AA,4P5AA
1B00A_1ZESA,1ZESA
7A23m_7A23m,7A23m
4EHTA_4EHTA,4EHTA
6HIVAP_6YXXAP,6YXXAP
5XEXA_5XEXB,5XEXB
5MS0F_5TBZJ,5TBZJ
6ZYWO_6ZYXO,6ZYXO
4N1JA_4N1JB,4N1JB
3SYAA_6XISA,6XISA
5IGHA_5IGHA,5IGHA
7N3OA_7N3OA,7N3OA
6BDZA_6BDZA,6BDZA
3UE6A_3UE6B,3UE6B
4C2MG_5M5XG,5M5XG
2XITA_2XJ9B,2XJ9B
5O9ZN_5O9ZN,5O9ZN
5BYHM_5BYHM,5BYHM
4V81G_5GW4h,5GW4h
8HDJB_8HDJF,8HDJF
1BWWB_7E3CC,7E3CC
1N3JA_1N3JA,1N3JA
1G0SA_1VIQA,1VIQA
1BKDS_1XD2C,1XD2C
5HM5A_5HM5A,5HM5A
3VIBA_6OF0B,6OF0B
6OA9A_6OPCA,6OPCA
6GCTA_6GCTB,6GCTB
6YVDC_6YVDC,6YVDC
5MQFG_5MQFG,5MQFG
6JPIA_6JPIA,6JPIA
6B436_6B436,6B436
4TJVA_7F2DA,7F2DA
5MYJAC_5MYJAC,5MYJAC
7DKHB_7DKHB,7DKHB
3Q10A_3Q10A,3Q10A
4JKZA_4JKZA,4JKZA
2O011_2O011,2O011
3J7PSg_4V5ZAa,4V5ZAa
4WP5A_4X2HA,4X2HA
6S3QA_6S3QB,6S3QB
1J1UA_5L7PA,5L7PA
3CDIA_3CDIA,3CDIA
2CU9A_2Z34A,2Z34A
1ZCDA_1ZCDB,1ZCDB
5JPQb_5JPQb,5JPQb
6CESM_6CESM,6CESM
4V61BW_4V61BW,4V61BW
2ZEJA_3D6TB,3D6TB
4ZYDA_6GA0A,6GA0A
4ZG1A_4ZG1A,4ZG1A
1B72B_2R5ZB,2R5ZB
5DQSA_5JPOA,5JPOA
2L3AA_2L3AA,2L3AA
4V61B3_4V61B3,4V61B3
1BCCH_1BE3H,1BE3H
4PQ8A_4PSJA,4PSJA
1VVJRN_4V4ZBM,4V4ZBM
1FO1B_1KOHD,1KOHD
1OMWA_3UZSA,3UZSA
1CISA_1TM1I,1TM1I
2LOKA_2LOKA,2LOKA
1A02N_1A02N,1A02N
4F3HA_4F3HA,4F3HA
1A0QH_1CGSH,1CGSH
1RZNA_5FDKA,5FDKA
1JQQA_1NM7A,1NM7A
7UW9G_7UWAK,7UWAK
1J9IA_1J9IA,1J9IA
2JKRA_6YAEA,6YAEA
2FYXA_2FYXA,2FYXA
3RG2A_4IZ6A,4IZ6A
2Z7QA_4EL9A,4EL9A
2XRYA_4CDNA,4CDNA
5V8FC_5V8FC,5V8FC
4V47BR_6NQBR,6NQBR
1AGRA_3FFBA,3FFBA
3KCPA_3KCPA,3KCPA
4YC5A_4YC5A,4YC5A
2QBVA_2VKLA,2VKLA
4XHRA_4XHRB,4XHRB
4MIWA_4MIWA,4MIWA
3C8XA_3C8XA,3C8XA
1B3DA_1UMSA,1UMSA
2WSSS_5ARAS,5ARAS
6QVK1A_6QVK1F,6QVK1F
1SXJA_7THJA,7THJA
1T3UA_1T3UA,1T3UA
1M63A_2JOGA,2JOGA
7E57C_7E57C,7E57C
2KMTA_2KMTA,2KMTA
1JD4A_1JD5A,1JD5A
5GM6S_5GM6S,5GM6S
5FMGC_5FMGQ,5FMGQ
6H6NA_6H6PC,6H6PC
5MYJAI_5MYJAI,5MYJAI
6I5QA_6I5QA,6I5QA
4IV0A_4IV8A,4IV8A
2NZ9D_3S34H,3S34H
1BI0A_1BI2A,1BI2A
6VH9A_7L0AA,7L0AA
5D0UA_5D0UA,5D0UA
2KTYA_2KTYA,2KTYA
4NSCA_6XJVS,6XJVS
7NWJA_7NWJA,7NWJA
1YZGA_1YZGA,1YZGA
1CQPA_3BN3A,3BN3A
1FLIA_5JVTA,5JVTA
4EF4A_4KBYB,4KBYB
6PEM6_7AGX1G,7AGX1G
3A5CA_5GASC,5GASC
2MJ8A_2MJ8A,2MJ8A
1T56A_5NZ1E,5NZ1E
2ABOA_2ABOA,2ABOA
2VH1A_2VH1B,2VH1B
1HE7A_1HE7A,1HE7A
3J9MA4_6NU3A4,6NU3A4
3GYZA_3KS2I,3KS2I
3J16G_6OIGq,6OIGq
7OODr_7PASr,7PASr
5ZWNU_5ZWNU,5ZWNU
5E6RB_7P2DB,7P2DB
1KCQA_5FAFA,5FAFA
6CE7B_6HN4F,6HN4F
4UOIA_4UOIA,4UOIA
3C4WA_7MT9G,7MT9G
3CX3A_7LM5A,7LM5A
4GSDH_4QHLA,4QHLA
1XYXA_7LNAA,7LNAA
6HE8H_6HEAJ,6HEAJ
1B8DA_5Y6PiA,5Y6PiA
3COMA_4LG4B,4LG4B
8I6OB_8I6QB,8I6QB
4A2LA_4A2LA,4A2LA
3J9MAT_3JD5c,3JD5c
5IP4D_5IP4D,5IP4D
6KR0A_6KR0B,6KR0B
1G8EA_5HXGD,5HXGD
6JO7A_6JO7A,6JO7A
6OYFA_6OYFA,6OYFA
1AFVH_1JNHB,1JNHB
1H3HA_1H3HA,1H3HA
6LNBH_6UVNB,6UVNB
4J43A_4J4BA,4J4BA
2NCNA_2NCNA,2NCNA
3G36A_7UD5P,7UD5P
1NKNA_1NKNB,1NKNB
5O5OA_5O5OB,5O5OB
1J55A_1J55A,1J55A
3LH4A_3LH4A,3LH4A
1BA3A_4G37A,4G37A
4MT8A_4MT8A,4MT8A
1PHTA_1PHTA,1PHTA
6I3OA_6I3OA,6I3OA
5W3KA_7KE2A,7KE2A
3J1OK_3J1OK,3J1OK
3KIFA_3KIFA,3KIFA
4OW8A_4X3FA,4X3FA
7ST9A_7ST9A,7ST9A
1B3OA_1B3OB,1B3OB
3N93A_3N93B,3N93B
2Z64A_3VQ1A,3VQ1A
2YDOA_5G53A,5G53A
6YRLA_6YRNB,6YRNB
1JX4A_2RDIA,2RDIA
7NYHH_7NYUH,7NYUH
2I7TA_6V4XH,6V4XH
4CRWA_4CT4C,4CT4C
8ESQi_8ETHi,8ETHi
1A3LH_1A3LH,1A3LH
4BJUA_4BJUB,4BJUB
6CNBS_6EU0V,6EU0V
6NCLa9_6NCLb1,6NCLb1
5MLCL_5MLCL,5MLCL
2CE7A_2CEAC,2CEAC
4D10E_6R7FE,6R7FE
1K44A_1K44A,1K44A
7UEHA_7UEHA,7UEHA
4WM7A_6CV4A,6CV4A
3J6X76_5FL8i,5FL8i
6NJLI_7LDDI,7LDDI
6PTSD_6PTSD,6PTSD
2JG1A_2JG1C,2JG1C
3LDTA_3LDTA,3LDTA
1EJOH_1QKZH,1QKZH
6HU9h_8E7Sm,8E7Sm
1VVJR5_6GZZa1,6GZZa1
3OHMB_3OHMB,3OHMB
1E4QA_1E4QA,1E4QA
8AB7E_8AB7E,8AB7E
1GJYA_1GJYD,1GJYD
1RLMA_1RLOD,1RLOD
7A6HI_7A6HI,7A6HI
6RD4T_6RDCT,6RDCT
7O0YB_7O0ZB,7O0ZB
4N2OA_4N2OA,4N2OA
1ARZA_1ARZB,1ARZB
6MX4C_6XO4C,6XO4C
1NRIA_4LZJD,4LZJD
7BSTD_7BTRD,7BTRD
2J28J_4V65B6,4V65B6
7B0OA_7B0OA,7B0OA
4XRVA_5W56A,5W56A
3BXPA_3BXPB,3BXPB
1F2TB_1F2UB,1F2UB
1V0CA_1V0CA,1V0CA
1VR3A_1VR3A,1VR3A
2IQHA_2Q06B,2Q06B
1DU0A_1HDDC,1HDDC
3M1IC_3VYCA,3VYCA
3QNZB_3QNZB,3QNZB
3N4TA_3N4UA,3N4UA
1PREA_5JZHA,5JZHA
1JV2A_1JV2A,1JV2A
6ZWWA_6ZWWA,6ZWWA
6DJPE_7KBTE,7KBTE
3VKLA_3VKMA,3VKMA
3J7Oi_4D5Yi,4D5Yi
5DD0L_5DD3L,5DD3L
3VR2A_3VR2A,3VR2A
5T5IF_5T5IN,5T5IN
4YZSA_5V1DC,5V1DC
4E5KA_4E5KA,4E5KA
1M2ZA_1P93A,1P93A
3J6XS0_4V6IAA,4V6IAA
3PG4A_3S0ZB,3S0ZB
8DK1E_8DK1E,8DK1E
5XBTA_5XBTB,5XBTB
5ZWNQ_6G90B,6G90B
1E8AA_1ODBA,1ODBA
4V8MAT_4V8MAT,4V8MAT
3JCTt_4V7Fr,4V7Fr
7A23e_7A23e,7A23e
3A5IA_6CH2B,6CH2B
4R4XA_4R4XA,4R4XA
2R62A_2R62B,2R62B
3LWEA_3LWEA,3LWEA
1HIWA_1TAMA,1TAMA
1FPN3_4L3BC,4L3BC
5WLCSL_6KE65K,6KE65K
5FN0A_5X6QA,5X6QA
7N3YA_7N3YA,7N3YA
6RAOC_6RAOC,6RAOC
1XNAA_3K75B,3K75B
4LE0A_4LE1A,4LE1A
4UJCAB_4UJCAB,4UJCAB
1JHCA_1JHEB,1JHEB
1NBUA_1NBUA,1NBUA
4XR7B_4XR7F,4XR7F
5O60J_7S0SK,7S0SK
4GXUP_4GXUT,4GXUT
2FOZA_7AKSE,7AKSE
6HIVAp_6HIVAp,6HIVAp
4WCEL_4WFAL,4WFAL
7DVRA_7DVSA,7DVSA
2J28K_4V6OBM,4V6OBM
1YUYA_3I5KA,3I5KA
6X0Aa_6X0Ab,6X0Ab
6AGBB_6AGBB,6AGBB
2LW8A_2LW8A,2LW8A
2LLMA_2LP1A,2LP1A
7AI2A_7AI2B,7AI2B
1NUPA_5Z9RA,5Z9RA
2E2NA_2E2NA,2E2NA
4ES1A_4ES1A,4ES1A
1EP5A_1EP6A,1EP6A
1E4WL_4K2UL,4K2UL
5IVWW_5IVWW,5IVWW
3VP8A_3VP9B,3VP9B
2MKYA_2MKYA,2MKYA
1EX4B_6PUTB,6PUTB
2YZ2A_2YZ2B,2YZ2B
8CQRA_8CQRA,8CQRA
4GELA_4H4AA,4H4AA
5GPNc_5LC5F,5LC5F
1Z2LA_1Z2LA,1Z2LA
1PXWA_6TMFb,6TMFb
1E51A_1PV8A,1PV8A
6VVCA_6VVCA,6VVCA
4LLUB_4LLUB,4LLUB
1A8HA_1A8HA,1A8HA
5VH9B_5VH9B,5VH9B
3ABAA_3E5JA,3E5JA
6ZM5m_6ZM5m,6ZM5m
2A2BA_2A2BA,2A2BA
4UBTA_4UBTC,4UBTC
6IE2A_6IMAA,6IMAA
7C1XA_7C1XA,7C1XA
2O012_2O012,2O012
2VAZF_2YKRO,2YKRO
6TT5A_7SGLD,7SGLD
2XKRA_7P5TA,7P5TA
3C98A_6LPCA,6LPCA
3RKOF_7P63J,7P63J
6JEOaK_6JEObK,6JEObK
6YE4A_7AJQA,7AJQA
5X9UA_5X9UA,5X9UA
1BOSA_4ULLA,4ULLA
2KZSA_5Y6OA,5Y6OA
1HZHL_3NGBF,3NGBF
1SRDA_3HOGA,3HOGA
6IC4A_6IC4D,6IC4D
1FEUA_4V4XBY,4V4XBY
5FBHA_5FBHB,5FBHB
4MALA_4MALA,4MALA
4O62A_4O62B,4O62B
3I2TA_3I2TA,3I2TA
1LOXA_2P0MB,2P0MB
2AUCA_2AUCA,2AUCA
1K0VA_1K0VA,1K0VA
5FLMC_5IY6C,5IY6C
5WLCSI_5WYJB1,5WYJB1
7WDQA_7WDQD,7WDQD
2AO2A_2FP1B,2FP1B
1PZNA_5L8VA,5L8VA
4YT2A_4YT2B,4YT2B
6NO0A_6NO4A,6NO4A
1HRHA_3K2PA,3K2PA
1MD6A_1MD6A,1MD6A
3HRIA_3HRIA,3HRIA
7DRHA_7DRHA,7DRHA
2DITA_2DITA,2DITA
1VE6A_2QZPA,2QZPA
5D91A_5D91A,5D91A
4RVSA_4RVSB,4RVSB
4V7WB4_4V7XB4,4V7XB4
5VHJE_5VHJE,5VHJE
4V4NAj_4V4NAj,4V4NAj
4BTPA_4BTPA,4BTPA
3EW1A_3EW1B,3EW1B
1WQSA_2LNCA,2LNCA
1J3AA_1J3AA,1J3AA
1HUVA_1HUVA,1HUVA
1AQ1A_2FVDA,2FVDA
6WQZA_6WQZB,6WQZB
3R06B_3R06B,3R06B
6N5DD_6NFNI,6NFNI
1EI1A_4ZVIA,4ZVIA
3W14E_3W14E,3W14E
4GIZC_6SIVB,6SIVB
6OKWA_6OKWA,6OKWA
5OQJ3_7ML13,7ML13
4BIUA_4BIWB,4BIWB
2FZ6A_2FZ6A,2FZ6A
1KLAA_6GFFB,6GFFB
3JBHA_6SO3A,6SO3A
3J6X27_6Y7Cb,6Y7Cb
1C5KA_1CRZA,1CRZA
5N9GC_5N9GC,5N9GC
3KB3B_5VSRB,5VSRB
5KEMA_5KEMF,5KEMF
1QQ2A_2Z9SA,2Z9SA
6YK9A_6YK9A,6YK9A
1OW0A_6XJAA,6XJAA
4P6IA_4P6IA,4P6IA
2XGXA_2XKPC,2XKPC
1KG0C_1KG0C,1KG0C
4YL9A_4YL9A,4YL9A
6S5YA_6S5YA,6S5YA
4P6VD_4P6VD,4P6VD
6CZLA_6CZLC,6CZLC
6KE6RL_6KE6RL,6KE6RL
7ARHE_7ARKE,7ARKE
5LI0Y_6SJ6Y,6SJ6Y
2WW9I_4V6IBV,4V6IBV
3J6XL8_4V6IBH,4V6IBH
5J67A_5J67A,5J67A
3I3OA_3IJRF,3IJRF
6SPCi_6SPCi,6SPCi
1PRXA_1PRXA,1PRXA
6P4XA_6P4XB,6P4XB
1GZHA_3TS8A,3TS8A
1LH0A_1LH0B,1LH0B
3F8UA_7QNGB,7QNGB
1DX9A_1DX9A,1DX9A
1I0ZA_5LDHA,5LDHA
2OQPA_2OQPA,2OQPA
1POZA_1POZA,1POZA
6GEBA_6GEBA,6GEBA
3M9WA_3M9WA,3M9WA
5GPNw_5O31Q,5O31Q
1T4LB_1T4NA,1T4NA
7BG9A_7BG9A,7BG9A
4XD7G_4XD7G,4XD7G
4LQPA_4LQPA,4LQPA
3FMGA_3FMGA,3FMGA
1VGEH_6B5OH,6B5OH
1LKXA_1LKXC,1LKXC
2VNCA_2VNCA,2VNCA
2P9IB_4XF2U,4XF2U
1FNTK_4CR34,4CR34
3DEUA_3QPTA,3QPTA
3QODA_3QODA,3QODA
1S1EA_1S1EA,1S1EA
2DE2A_2DE2A,2DE2A
2JCDA_2JCDA,2JCDA
2CNMA_2CNTA,2CNTA
3MQ7A_3MQ7I,3MQ7I
6C6LO_7FDCf,7FDCf
1HWTC_1HWTC,1HWTC
1BG3A_1HKCA,1HKCA
1IRFA_1IRFA,1IRFA
1CQMA_2KJVA,2KJVA
6YFQ0_6YFQ0,6YFQ0
3T97A_5H1XA,5H1XA
5FDYA_7W77C,7W77C
7PB8P_7XHNP,7XHNP
3SHWA_3SHWA,3SHWA
2XIJA_2XIJA,2XIJA
1FBQA_3HSFA,3HSFA
3J9MAQ_3JD5U,3JD5U
6NMTA_7A0XF,7A0XF
2OAUA_6PWNA,6PWNA
6O8KA_6O8OC,6O8OC
5O61g_5ZEB2,5ZEB2
1AB1A_1CXRA,1CXRA
4YDRA_4YDRB,4YDRB
3HQ6A_3HQ6A,3HQ6A
6DVWA_7MIOA,7MIOA
3CTMA_3CTMB,3CTMB
6KNYA_6KNYB,6KNYB
2OUGA_2OUGA,2OUGA
3J6X15_4V7RAI,4V7RAI
1BLRA_2G78A,2G78A
3ZGZA_4ARCA,4ARCA
4PDBA_6S13h,6S13h
4KISA_4KISB,4KISB
1W61A_1W62B,1W62B
2VX3A_7OY6C,7OY6C
6RQGA_6RQGA,6RQGA
4O51A_5DMGL,5DMGL
1YIUA_2JOCA,2JOCA
6KGXb1_7EZXO3,7EZXO3
1FNTA_4CR3A,4CR3A
6HIVDI_6HIVDI,6HIVDI
4FP9B_4FP9B,4FP9B
2GF7A_5D6YC,5D6YC
5NIKD_5NIKE,5NIKE
1C2TA_1CDDB,1CDDB
5Z3GY_5Z3GY,5Z3GY
4BE4A_4BE4A,4BE4A
3NAZA_5UW4C,5UW4C
2O01J_2O01J,2O01J
2PFFB_2PFFB,2PFFB
6S8JH_6S8JP,6S8JP
1FJGR_1IBLR,1IBLR
4GUPA_4GUPA,4GUPA
4I5LB_4I5LB,4I5LB
6C26C_6C26C,6C26C
4G65A_4J9UF,4J9UF
2E4OA_3BNXB,3BNXB
1CDHA_3JWOC,3JWOC
6UV6A_6UV6A,6UV6A
1Q90D_1VF5B,1VF5B
3OL2B_8B3KA,8B3KA
1TQZA_1TQZA,1TQZA
1AX8A_1AX8A,1AX8A
3RUIA_3T7EA,3T7EA
2J28F_4V69BF,4V69BF
4BXPA_4LD1A,4LD1A
3J9WAM_6O8Xm,6O8Xm
6WW7I_6Z3WI,6Z3WI
5T96A_5T96E,5T96E
2IU8A_2IU8A,2IU8A
6CCZA_6CD0D,6CD0D
1BS4A_1DEFA,1DEFA
1M3EA_3K6MC,3K6MC
5H1QA_6KFFA,6KFFA
1S5LZ_7CZLZ,7CZLZ
2I0VA_3LCDA,3LCDA
2DATA_2H60A,2H60A
4UI9B_5LCWB,5LCWB
5MRCJJ_5MRCJJ,5MRCJJ
3SN6N_7BB7G,7BB7G
6QCMA_7B0UE,7B0UE
7E1BA_7E1BA,7E1BA
6HV8A_6HV8A,6HV8A
4K8VA_6XJDK,6XJDK
1BIXA_1DE9A,1DE9A
2XA3A_7BNPA,7BNPA
2BS5A_4I6SC,4I6SC
5HWBA_5HWBB,5HWBB
1BXEA_1I4JA,1I4JA
3G73A_7FJ2E,7FJ2E
2OBLA_2OBMA,2OBMA
2YLNA_2YLNA,2YLNA
6XA2A_6XA2A,6XA2A
5HJZA_6KYTG,6KYTG
2QFAB_2RAXB,2RAXB
5F5TA_5F5UD,5F5UD
1BEYH_4JANA,4JANA
6H49A_7PWXF,7PWXF
4N7RA_5CHEA,5CHEA
4ZSBA_4ZSBA,4ZSBA
1H3OB_8H7GR,8H7GR
6XPHA_6XPHA,6XPHA
6EM1m_8E5Ts,8E5Ts
3JAGPP_6P5JQ,6P5JQ
1VTNC_5X07I,5X07I
3J1EA_3KO1G,3KO1G
1CMFA_1F71A,1F71A
2J1NA_2J4UP,2J4UP
2YKRQ_2YKRQ,2YKRQ
6GCSB_6GCSB,6GCSB
1DFEA_6BZ7Y9,6BZ7Y9
2K0RA_2K0RA,2K0RA
3DKXA_8AMVB,8AMVB
1QBJA_2L54A,2L54A
5ZX5A_5ZX5B,5ZX5B
4WW0A_4WW0B,4WW0B
1BYQA_7UR3A,7UR3A
2A55A_2A55A,2A55A
4MRNA_4MRRA,4MRRA
2WSCK_2WSFK,2WSFK
2JKRM_2XA7M,2XA7M
2VZEA_2VZEC,2VZEC
4QYZA_4TVXU,4TVXU
2WM4A_2WM5A,2WM5A
3ZOSA_6Y23A,6Y23A
1BAMA_2BAMA,2BAMA
8ECIA_8ECIB,8ECIB
4Z7KA_4Z7KB,4Z7KB
1V0AA_1V0AA,1V0AA
5OQJ4_6GYM4,6GYM4
5HCAA_5HCAA,5HCAA
3G1NA_3H1DA,3H1DA
1FDJA_1XDMZ,1XDMZ
1EO8B_6NZ7B,6NZ7B
1F16A_1F16A,1F16A
1AK8A_6K4LD,6K4LD
1Z7EA_1Z7EB,1Z7EB
2WW9M_2WWBM,2WWBM
8A3TF_8A3TF,8A3TF
4ZKYA_5JV4E,5JV4E
5G52C_5G52C,5G52C
6GCSU_6GCSU,6GCSU
6SPCm_6SPCm,6SPCm
2X0CA_5FZTA,5FZTA
5ZTEA_5ZTEB,5ZTEB
3SS3A_5WJ6B,5WJ6B
3II6X_8EZBX,8EZBX
2EDZA_2EDZA,2EDZA
1EFAA_1TLFA,1TLFA
3U49A_3U4CA,3U4CA
7MUCAH_7MUCAH,7MUCAH
5I2MA_5I2MB,5I2MB
2YOOA_2YOOB,2YOOB
3ZCIA_3ZCIA,3ZCIA
3J6X74_4V6IBi,4V6IBi
1N0XH_1N0XH,1N0XH
6HIVA8_6HIVA8,6HIVA8
5HYWA_5HYWA,5HYWA
5TSGB_5ZFRC,5ZFRC
4RAYA_4RAYA,4RAYA
1FFTB_1FFTG,1FFTG
1Z91A_1Z91A,1Z91A
5GM6e_5GM6e,5GM6e
3F0AA_3FIXB,3FIXB
6FF4L_7DVQL,7DVQL
4IM0A_4JL9A,4JL9A
5N0NA_6MJGA,6MJGA
1X2GA_1X2GA,1X2GA
6Q1Fe_6Q1Fh,6Q1Fh
8I9PCC_8I9PCC,8I9PCC
7XR2a_7XR2a,7XR2a
1GD2E_1GD2I,1GD2I
6HUMC_6HUMC,6HUMC
3L2DA_3L2DA,3L2DA
7C0FA_7C1BA,7C1BA
7F92A_7F92A,7F92A
5MAWD_5MAWD,5MAWD
1C9QA_1I3OE,1I3OE
2C83A_2C83A,2C83A
4UTNA_6ENXA,6ENXA
4G56A_4G56A,4G56A
1FVCB_3P9WF,3P9WF
2BHGA_2BHGA,2BHGA
1PK6A_1PK6A,1PK6A
3J9Mp_7NQLBL,7NQLBL
4QMFB_5WLCNK,5WLCNK
7BTSA_7BTSA,7BTSA
2FFUA_2FFUA,2FFUA
6UQEA_7UIZF,7UIZF
3VTXA_3VTXA,3VTXA
5XJGA_5XJGA,5XJGA
5O60I_8FR8R,8FR8R
1AY2A_5KUAA,5KUAA
1FL5B_6MNRH,6MNRH
1BT0A_6R7IN,6R7IN
4UM8B_4UM8B,4UM8B
2JLHA_2JLHA,2JLHA
5IQSA_6GEMB,6GEMB
1ZD8A_1ZD8A,1ZD8A
6FDMA_6FDMA,6FDMA
1H8TA_6LA7A,6LA7A
1CVWH_1DVAH,1DVAH
2FP7A_2FP7A,2FP7A
7K041_7K041,7K041
2DVYA_3WAZA,3WAZA
5G5YA_5G5YA,5G5YA
7VEQA_7VEQA,7VEQA
3LA2A_3LA2A,3LA2A
5IHWA_5WTAB,5WTAB
2WIAA_3HYTC,3HYTC
2V8QE_4EAGC,4EAGC
2L6JA_4CGQA,4CGQA
6I3MI_6I3MJ,6I3MJ
6A3VB_6A3WC,6A3WC
3RJDA_4X4ME,4X4ME
6SCTC_6YAIM,6YAIM
6GCSc_6GCSc,6GCSc
6FQPA_6FQPA,6FQPA
4V4NBO_6SWCO,6SWCO
2CG6A_2CG6A,2CG6A
1EFEA_1ZEIE,1ZEIE
2JBMA_5AYXA,5AYXA
6O2UA_6O2UA,6O2UA
1A2KC_1QG4B,1QG4B
1D5AA_2XHBA,2XHBA
5TCSA_5TD8A,5TD8A
3MA9L_4FZEL,4FZEL
5X4ZI_5XONI,5XONI
1GWXA_2Q5GA,2Q5GA
5ERNA_5ERNA,5ERNA
1DUJA_1GO4A,1GO4A
3P0GB_5HVHB,5HVHB
1I3PA_1I3PA,1I3PA
6NX2A_6NXMA,6NXMA
3JCKI_3JCKI,3JCKI
3S94A_8CTGC,8CTGC
5FLMI_6XREI,6XREI
4QIKA_4Z30A,4Z30A
2EWGA_5QTGA,5QTGA
4Y6TA_4Y6TB,4Y6TB
5XGCA_5XGCA,5XGCA
7C1HA_7C1KD,7C1KD
2AHMF_6M71B,6M71B
2IKFA_2IKFB,2IKFB
1K23A_1K23A,1K23A
7UW9B_7UW9D,7UW9D
4WCEC_5LI0F,5LI0F
1VVJR2_4V4IW,4V4IW
7Q4VC_7Q4VC,7Q4VC
3J9MAH_6NU2AH,6NU2AH
1KPRA_6ZKXA,6ZKXA
3QBRA_3QBRA,3QBRA
7EDXl_7EDXl,7EDXl
2YKRI_2YKRI,2YKRI
4D10B_6R7FB,6R7FB
5TNUA_5TNUA,5TNUA
5ES5A_5ES5A,5ES5A
2J28H_2J28H,2J28H
1JQOA_1JQOA,1JQOA
5O3LA_7QJVA,7QJVA
1HTMB_1QU1B,1QU1B
7OLCSM_7R81N2,7R81N2
2VYRE_3UPCE,3UPCE
4O2DA_4RMFA,4RMFA
1BG8A_5WYOA,5WYOA
4MNHB_4WNQA,4WNQA
7UPRA_7UPRA,7UPRA
5JJAA_5SWFA,5SWFA
1HSQA_1HSQA,1HSQA
4IKBA_6KOIC,6KOIC
1CKEA_1CKEA,1CKEA
3KP9A_3KP9A,3KP9A
5U9AA_8EOAC,8EOAC
2XD0A_2XD0X,2XD0X
1DZ3A_1DZ3A,1DZ3A
3J6X62_4V6IBW,4V6IBW
1DYNA_2YS1A,2YS1A
1AQTA_1BSNA,1BSNA
6JDAA_6JDAA,6JDAA
3SVKA_3SVKA,3SVKA
1IW7F_3WODF,3WODF
1HRYA_1HRYA,1HRYA
2B18A_2B18A,2B18A
6NEQz_6NEQz,6NEQz
1BG0A_1BG0A,1BG0A
4EKZA_4EKZA,4EKZA
6VIHA_6VIJB,6VIJB
5IZNA_5IZNF,5IZNF
1WY1A_1WY1A,1WY1A
7N85B_7N9FB,7N9FB
1TCUA_3E9RB,3E9RB
6EOOA_7A3LA,7A3LA
1NKW2_4V4GB4,4V4GB4
133LA_1IY4A,1IY4A
1E0LA_2NNTB,2NNTB
6LNTH_7M6GH,7M6GH
152LA_173LA,173LA
4V4NAb_4V4NAb,4V4NAb
6XTX7_7W68F,7W68F
1JEQB_6ERFF,6ERFF
1T0HB_8EOGC,8EOGC
6YAJA_6YAJD,6YAJD
4UG0LW_6GZ3AW,6GZ3AW
3J3VX_3J3VX,3J3VX
1MI2A_1MI2A,1MI2A
1FF3A_7OT4B,7OT4B
6GMHM_7OOPM,7OOPM
1H6PA_1H6PA,1H6PA
1H1WA_3NAXA,3NAXA
5ZVQA_8AB0D,8AB0D
1YRXA_2BUNA,2BUNA
5WLCLT_6ND4T,6ND4T
6KSPA_6KSPA,6KSPA
4WV4A_7KTRH,7KTRH
2NCGA_2NCGA,2NCGA
2KY3A_2LU9A,2LU9A
1MRUA_3ORLA,3ORLA
2KM7A_2KM7A,2KM7A
1PO5A_1PO5A,1PO5A
4P8QA_4Z7IA,4Z7IA
1DARA_3IZPE,3IZPE
6KXKA_6KXKB,6KXKB
1L0LK_1L0NK,1L0NK
3J7PSR_6G4SR,6G4SR
2XUBA_2XV4S,2XV4S
1CL7L_2DDQL,2DDQL
1NKWB_4V4GBE,4V4GBE
2E50A_2E50A,2E50A
1EZVH_8EC0G,8EC0G
7NVRW_7NW0W,7NW0W
5Z96A_6G1KA,6G1KA
3CPJB_3RWMB,3RWMB
6BK6A_6BK6A,6BK6A
3J6X18_6ZQADS,6ZQADS
6VQ6G_6XBWG,6XBWG
2ZVFA_2ZVFA,2ZVFA
4CWUO_4CWUO,4CWUO
2RKLA_2RKLC,2RKLC
3ABDA_5XPUA,5XPUA
1ADUA_1ADUA,1ADUA
5LM7A_5LM7A,5LM7A
5A5TM_6ZVJM,6ZVJM
3JCOZ_5MPBZ,5MPBZ
2MOQA_2MOQA,2MOQA
1VEAA_1WPSA,1WPSA
5LI0m_6S13m,6S13m
2AUSA_3LWOA,3LWOA
4BG8A_4BGBB,4BGBB
4HUKA_4HUKA,4HUKA
1FYVA_1FYVA,1FYVA
4C0DA_4CQOA,4CQOA
1IU0A_1ZOKA,1ZOKA
5DLBA_5DLBA,5DLBA
4JSNC_7OWGE,7OWGE
1NE4A_1RL3A,1RL3A
5LB7A_5LB7A,5LB7A
2VGBA_6NN7C,6NN7C
4LVIA_4LVMC,4LVMC
5JJ4A_5JJ4A,5JJ4A
1YH2A_5NGZA,5NGZA
7KZPL_7KZPL,7KZPL
2AEFA_2FY8D,2FY8D
8ARKA_8ARKA,8ARKA
1FJGK_1IBLK,1IBLK
1G62A_5FL8m,5FL8m
6KGXA2_6KGXA2,6KGXA2
3F9VA_3F9VA,3F9VA
3HOAA_3HOAA,3HOAA
1DZAA_1H8XA,1H8XA
2M7UA_3VV4B,3VV4B
2DAOA_2LF7A,2LF7A
4NUYA_8A64A,8A64A
3M6AA_3M6AD,3M6AD
6YNYD1_6YNYD1,6YNYD1
6HRVA_6HRVA,6HRVA
7QOOT_7QOOT,7QOOT
2YKRG_2YKRG,2YKRG
3OO6A_3OO6A,3OO6A
2O2EA_2O2EA,2O2EA
5DTBA_5DTBA,5DTBA
4BHUA_4BHUC,4BHUC
3JAGjj_6HCFk1,6HCFk1
1J49A_1J49A,1J49A
3J6X13_4V6IAO,4V6IAO
1DB1A_3WT6A,3WT6A
1G4YB_1KKDA,1KKDA
1S4IA_1S4IA,1S4IA
5EJLA_5EJLA,5EJLA
1JR3A_3GLFB,3GLFB
1PVEA_1TP4A,1TP4A
4POFA_4POGH,4POGH
8BR8Ln_8BR8Ln,8BR8Ln
1LM8B_2JZ3B,2JZ3B
1EFDN_1EFDN,1EFDN
3LQMA_6X93C,6X93C
2K47A_2K47A,2K47A
4V4NAg_4V4NAg,4V4NAg
2X7LA_6CWTA,6CWTA
5WC0A_5WCBA,5WCBA
3J79T_3J79T,3J79T
1FFTC_1FFTH,1FFTH
1V88A_1V88A,1V88A
5WRPA_5WRPB,5WRPB
1B9CA_1YHIA,1YHIA
2J283_2J283,2J283
7SC7BF_7SC7BF,7SC7BF
6WGYA_8GI7D,8GI7D
3HHGA_3HHGA,3HHGA
4G7VS_4G7VS,4G7VS
1T2MA_1T2MA,1T2MA
5H8OB_5H8OB,5H8OB
5DMJA_6PE8T,6PE8T
1I9BA_5T90C,5T90C
4V4OA_4V4OB,4V4OB
6YNXH_6YNXH,6YNXH
1YSHC_1YSHC,1YSHC
3J6XL4_4V6IBD,4V6IBD
1AHWA_1QBML,1QBML
1IRUJ_6EPC3,6EPC3
4Y2LA_4Y2LD,4Y2LD
4U3MN4_5M1JW5,5M1JW5
5F71A_5F71A,5F71A
1CN2A_2LI7A,2LI7A
4BN2A_7RYPA,7RYPA
7SOMT_7SOMV,7SOMV
1UW1A_1UW1A,1UW1A
7OLCLD_7OZSA,7OZSA
4XDEA_4XDEA,4XDEA
7F02B_7F02B,7F02B
6CKNA_6CKNA,6CKNA
2A73B_6RU5B,6RU5B
1F34A_1F34A,1F34A
5LC2A_5LC3A,5LC3A
5V3WA_7VJTA,7VJTA
1C7GA_1TPLA,1TPLA
2YEUA_5HVAB,5HVAB
6J5Id_6J5Jd,6J5Jd
2BBVA_6ITBC,6ITBC
1WYWA_3UOBB,3UOBB
4YVDA_7ABFG,7ABFG
4BEJA_4BEJA,4BEJA
1FPRA_1GWZA,1GWZA
1VVJR6_1VY4B6,1VY4B6
3J6X61_4V6IBU,4V6IBU
3WOEA_3WOEA,3WOEA
2XFCB_5ANYB,5ANYB
7PCVA_7PCVA,7PCVA
1L4SA_1L4SA,1L4SA
6G4Wr_6H2UB,6H2UB
1NB8A_1NBFB,1NBFB
7AGVA_7AHMA,7AHMA
6GAWAo_7A5Fe6,7A5Fe6
2FTCH_4CE4N,4CE4N
3HZZA_6NA4B,6NA4B
3LGOA_3LGOA,3LGOA
6L5LA_6L5MA,6L5MA
4C57A_4C57B,4C57B
2ESMA_3TWJB,3TWJB
2BHRA_2BMFA,2BMFA
1BK4A_1FJ6A,1FJ6A
2HLDH_3FKSQ,3FKSQ
2NAQA_2NAQA,2NAQA
2KS0A_3IPFA,3IPFA
3B8ZA_3LJTA,3LJTA
2GZHB_2GZHB,2GZHB
4IFDI_5JEAI,5JEAI
1CHHA_5KLUA,5KLUA
7W5KA_7W5LA,7W5LA
1USGA_1USGA,1USGA
5VKJA_5VKJA,5VKJA
6LK8B_6LK8b,6LK8b
1WJAA_1WJAA,1WJAA
1Z8MA_1Z8MA,1Z8MA
1C7HA_4CDLA,4CDLA
2XPDA_2XPDB,2XPDB
5BN3B_5BN3B,5BN3B
1R4PA_7U6VA,7U6VA
6SGAFM_6SGAFM,6SGAFM
1B8QA_1B8QA,1B8QA
1J5AL_4U67P,4U67P
1OHQA_1OHQA,1OHQA
1AZPA_1SAPA,1SAPA
4K3DH_5IJVB,5IJVB
5CDCC_5CDCC,5CDCC
4CDGA_4CDGB,4CDGB
1ON1A_2HYFA,2HYFA
2JIGA_2JIGA,2JIGA
1FFKP_4V4PAT,4V4PAT
7LUYA_7LUYE,7LUYE
2D3WA_2D3WC,2D3WC
3DXBA_3DXBB,3DXBB
6K95A_6K95A,6K95A
6RFLI_6RFLI,6RFLI
4C7LA_4C7LA,4C7LA
3J9WAB_7O5BB,7O5BB
6N3QD_6ND1A,6ND1A
1CMVA_1JQ6A,1JQ6A
1G8IA_2LCPA,2LCPA
6GCS1_7ZKP1,7ZKP1
2G47A_2WBYB,2WBYB
5EXPA_5EXXA,5EXXA
5OHCA_5OHCA,5OHCA
1S6LA_1S6LA,1S6LA
2FYGA_6WVNB,6WVNB
2I54A_2I54A,2I54A
1WRGA_1WRGA,1WRGA
5TWVA_7S60D,7S60D
1WMGA_1WMGA,1WMGA
6BAOA_6BAPB,6BAPB
1A49A_1A49G,1A49G
1N27A_2NLUA,2NLUA
2OCWA_5D4KA,5D4KA
1SL6A_1SL6D,1SL6D
3N4RA_3N4SB,3N4SB
1A4JB_6B5PH,6B5PH
2XJYA_4KFZA,4KFZA
2LA8A_2LA8A,2LA8A
2GJKA_2XZOA,2XZOA
2ROZA_2ROZA,2ROZA
1AF5A_2O7MA,2O7MA
3J7PSb_4V7EBb,4V7EBb
6K8NA_6K8NA,6K8NA
8A3XA_8A3XA,8A3XA
6KGXB2_6KGXB2,6KGXB2
1BQ8A_1QCVA,1QCVA
7RR9A_7RR9B,7RR9B
1LV9A_1LV9A,1LV9A
3OC2A_4KQRA,4KQRA
2AR0A_2AR0A,2AR0A
6YYLA_6YYLA,6YYLA
5H1SU_5H1SU,5H1SU
4DZOA_4DZOA,4DZOA
1JV2B_4CAKB,4CAKB
3EAQA_3EASB,3EASB
6D6TB_6HUGD,6HUGD
5ZAPf_5ZAPj,5ZAPj
4KRLB_4KRLB,4KRLB
6YBVs_6ZMWs,6ZMWs
6JQ1A_6RMQA,6RMQA
1O86A_7Q4CA,7Q4CA
4QVGA_4QVGA,4QVGA
2J7UA_3VWSA,3VWSA
2QHRL_5IHZL,5IHZL
3J7PSY_6FECs,6FECs
4O60A_4O60A,4O60A
1UKXA_1UKXA,1UKXA
3D0QA_3D0QB,3D0QB
3W1HA_3WCOA,3WCOA
5IFIA_7L4GC,7L4GC
8ESQb_8EUPb,8EUPb
7WTTK_7WTVK,7WTVK
6APDD_6APDD,6APDD
1CM5A_1H16A,1H16A
4XQ8A_4XQ8A,4XQ8A
5CX2A_6ADZA,6ADZA
1XFHA_2NWWA,2NWWA
5LC5c_5XTCf,5XTCf
2O01G_2O01G,2O01G
2FHXA_2FHXA,2FHXA
1WD6A_1WD6A,1WD6A
1E0SA_3N5CB,3N5CB
6IC4I_6IC4I,6IC4I
1S5LE_1W5CE,1W5CE
8A30A_8A30A,8A30A
4CKNA_4CKND,4CKND
3QMFA_5EYGB,5EYGB
7C80A_7C80A,7C80A
6GQ9A_6GQ9A,6GQ9A
2QOMA_3SLOA,3SLOA
1F35A_1F35A,1F35A
4RY2A_7T54A,7T54A
3HMHA_5IGLA,5IGLA
3RBIA_3TB7A,3TB7A
1Z83A_7DE3A,7DE3A
6QNWA_6QPGA,6QPGA
7XDQA_7XDQA,7XDQA
6QXLA_6QXLE,6QXLE
6IJO9_6IJO9,6IJO9
1A6SA_1A6SA,1A6SA
1EO6A_7YO8A,7YO8A
4K3DL_4K3DM,4K3DM
1W72H_1W72H,1W72H
2KHZA_2KHZB,2KHZB
2OG4A_2OG4A,2OG4A
4X6GA_4X6GA,4X6GA
7BB6A_7BB6A,7BB6A
3JBLA_3JBLA,3JBLA
5JA8A_5JAAD,5JAAD
4F87A_4F88I,4F88I
1UWHA_7P3VB,7P3VB
3TOSA_3TOSB,3TOSB
2E5PA_6WAVC,6WAVC
1W4XA_1W4XA,1W4XA
4V99A1_4V99A5,4V99A5
1JEIA_1JEIA,1JEIA
1YZXA_3RPPA,3RPPA
3J9MAE_6NU3AE,6NU3AE
1B1AA_1B1AA,1B1AA
1SM2A_3QGYB,3QGYB
1DF0A_1DF0A,1DF0A
2E0TA_2E0TA,2E0TA
3TW8B_3TW8D,3TW8D
1LFDA_2RGFA,2RGFA
6EPKA_6EPKA,6EPKA
6NT6A_8IK0A,8IK0A
2GCXA_2GCXA,2GCXA
1KP9A_1KP9A,1KP9A
2QYUA_2QYUA,2QYUA
1ABOA_1AWOA,1AWOA
1JA3A_1JA3A,1JA3A
1LDKB_7B5NC,7B5NC
1KCMA_1KCMA,1KCMA
6Q8IC_6Q8IC,6Q8IC
4J7CA_4J7CF,4J7CF
5D8DA_5D8DB,5D8DB
6CESN_6CESN,6CESN
2W96B_2W99B,2W99B
7F38A_7F38A,7F38A
2DNWA_2DNWA,2DNWA
2IDBA_5M1CA,5M1CA
5GPNAg_5LDWY,5LDWY
6RUVX_6S0AB,6S0AB
1JI3A_2W22A,2W22A
3L8CA_3L8CA,3L8CA
4F80A_4F8QA,4F8QA
1FVIA_1FVIA,1FVIA
1T7VA_1T7YA,1T7YA
1AG1O_2VELB,2VELB
6OS3A_6OS3A,6OS3A
4ITHA_4NEUA,4NEUA
1D4M2_6O06B,6O06B
7NFYA_7NFYA,7NFYA
1BG2A_3J6HK,3J6HK
1L6OA_1MC7A,1MC7A
1OJ7A_1OJ7A,1OJ7A
3IC1A_3ISZA,3ISZA
1JLIA_1JLIA,1JLIA
3J7Ob_4D5Yb,4D5Yb
4D7YA_4QPYA,4QPYA
7YOTB_7YOTB,7YOTB
5LLWA_5LLWA,5LLWA
1JB0A_2WSEA,2WSEA
3JUSA_3JUVA,3JUVA
3JC8Ba_3JC8Ba,3JC8Ba
1JB0B_6FOSB,6FOSB
1BXIB_1V13A,1V13A
5GJQZ_5T0Hf,5T0Hf
5CVLA_5CVNA,5CVNA
1AV8A_6W4XC,6W4XC
5CTDA_5CVAD,5CVAD
8I6OA_8I6QA,8I6QA
2WJWA_3HSYB,3HSYB
4XZVB_4XZVB,4XZVB
2A6MA_2A6MB,2A6MB
3J1OH_3J1OH,3J1OH
2R6GF_4JBWF,4JBWF
3J6X75_4V6IBc,4V6IBc
5XLYA_5XLYA,5XLYA
3L0MA_3N6OA,3N6OA
6OISC_6OISC,6OISC
1A2YB_7MKLH,7MKLH
5LI0f_6S13f,6S13f
1Z6BA_1ZHGA,1ZHGA
4LOXA_5E5PA,5E5PA
6ZVZA_6ZVZC,6ZVZC
1APME_1SYKA,1SYKA
2KQYA_2KQYA,2KQYA
5NBIH_5NBIH,5NBIH
7EXTA1_7EXTA2,7EXTA2
2O1XA_6OUWA,6OUWA
7ET3N_7ETJN,7ETJN
1CA7A_4GUMA,4GUMA
2Y39A_2Y3DA,2Y3DA
5FQDA_7ZNNA,7ZNNA
4N5CA_4N5CB,4N5CB
5IETA_5IEUA,5IEUA
3JCMG_3JCMG,3JCMG
1AQKL_4EVNB,4EVNB
4IYHA_4J10B,4J10B
6GNAA_6GNAA,6GNAA
3IY4B_7MHZO,7MHZO
6TKYA_6TM1C,6TM1C
1IT9H_6DB5H,6DB5H
3J6X58_4V6IBR,4V6IBR
3DLOA_3DLOB,3DLOB
1WEKA_1WEKC,1WEKC
1K8KD_7AQKd,7AQKd
6EDWA_6EDWA,6EDWA
1K8TA_1K8TA,1K8TA
1S96A_1S96A,1S96A
1EYUA_1EYUA,1EYUA
5X1UA_5X1UB,5X1UB
4RQWA_4RQWA,4RQWA
3MS5A_3MS5A,3MS5A
6G1NA_6G1NA,6G1NA
1C5MD_7TPPB,7TPPB
3NAWA_3NB2A,3NB2A
1IFRA_1IVTA,1IVTA
5W33A_5W33A,5W33A
3W1BA_3W1BA,3W1BA
3D2QA_5U6LA,5U6LA
5GJBA_5GJBA,5GJBA
2F84A_2F84A,2F84A
1FPN2_4L3BB,4L3BB
5IGUA_5IGUA,5IGUA
6ZQAUB_6ZQAUB,6ZQAUB
4V4NBR_4V4NBR,4V4NBR
7FD4A_7FD4A,7FD4A
1AAZA_1AAZA,1AAZA
5IP0A_5IP0A,5IP0A
3SBSA_3SBSA,3SBSA
1R7CA_1R7DA,1R7DA
3SE8H_4S1QH,4S1QH
6X0OA_7BWRB,7BWRB
1EZAA_2EZBA,2EZBA
5X68A_5X68A,5X68A
6HZ4M_6UT6G,6UT6G
3LE1A_3LE1A,3LE1A
6V8PD_7LXDD,7LXDD
1JM6A_1JM6A,1JM6A
1A56A_1A56A,1A56A
1AQ3A_1U1YA,1U1YA
1LUIA_1LUIA,1LUIA
2JMUA_2JMUA,2JMUA
4P94A_4P94B,4P94B
6GCS4_6GCS4,6GCS4
6L9JA_6L9JA,6L9JA
1EYSH_3WMMH,3WMMH
1A0NB_1ZBJA,1ZBJA
7OLCLK_7OLCLK,7OLCLK
3J9WAN_6S13n,6S13n
3QDMD_5E6IA,5E6IA
5Y0WA_6F9DC,6F9DC
6R6BG_6RWYk,6RWYk
1SG1X_1SG1X,1SG1X
1FYTD_1FYTD,1FYTD
5GQ1A_5GQ1C,5GQ1C
5MKKA_6RAHA,6RAHA
1KNVA_1KNVB,1KNVB
3ZX7A_3ZXDA,3ZXDA
1GHFH_2ZPKH,2ZPKH
3GBGA_6P7TA,6P7TA
5L87A_6S9YD,6S9YD
2ODHA_2ODHA,2ODHA
1QY7A_4C3LA,4C3LA
1FNTB_4CR3B,4CR3B
3LYRA_3MLNE,3MLNE
6IRSB_6IRSB,6IRSB
1Z2KA_1Z2KA,1Z2KA
6SUIA_6SUIA,6SUIA
5X0XO_5Z3UO,5Z3UO
3KQXA_7SRVB,7SRVB
1TBDA_4FGNA,4FGNA
3TYGA_3TYGA,3TYGA
5T0Va_5T0Va,5T0Va
2HEUA_2HEUC,2HEUC
4XMQA_4XMQB,4XMQB
4J0XA_5WLCSG,5WLCSG
3RTXA_3S24C,3S24C
7AGPA_7AGQB,7AGQB
2O8HA_2OUUB,2OUUB
3R1OA_3R1OA,3R1OA
3QSVA_3QSVA,3QSVA
5HZ7A_5HZ7A,5HZ7A
1AMOA_3ES9A,3ES9A
1DVEA_1IX3A,1IX3A
2KQFA_2KQFA,2KQFA
1JCEA_1JCEA,1JCEA
4YO5A_4YO5A,4YO5A
3JC5D_6SKLD,6SKLD
1A43A_2JO0A,2JO0A
4FMUA_7EA8L,7EA8L
1AKMA_1DUVH,1DUVH
3J3VE_3J3VE,3J3VE
2O1UA_2O1UA,2O1UA
2KDCA_2KDCB,2KDCB
2K16A_2K16A,2K16A
1RXLA_1RXLA,1RXLA
3PHF1_3PHF1,3PHF1
3M9BA_3M9BA,3M9BA
1I2UA_1P0AA,1P0AA
7O0YA_7O0YA,7O0YA
7VBQB_7VBQB,7VBQB
3J94A_6MDNF,6MDNF
4V61BY_4V61BY,4V61BY
4P6VE_4P6VE,4P6VE
1HRKA_3HCRA,3HCRA
2DYLA_3WZUA,3WZUA
1GDRA_1GHTA,1GHTA
5U68E_5U68G,5U68G
6HIVAv_6HIVAv,6HIVAv
2GGFA_2KZTB,2KZTB
5SVJA_5SVRA,5SVRA
1CFAA_1CFAA,1CFAA
4R72A_4R72A,4R72A
4V8MAX_6AZ1C,6AZ1C
1Z1WA_1Z5HA,1Z5HA
5GPDA_5GPDB,5GPDB
5M38A_5M38A,5M38A
3MWMA_3MWMA,3MWMA
1KAFA_5JLTC,5JLTC
5N70A_5N71A,5N71A
3J6XL6_4V6IBG,4V6IBG
5L39A_5L39A,5L39A
5IFEB_6Y50x,6Y50x
2CHQA_2CHQC,2CHQC
2GMOA_2GMOA,2GMOA
3J7PSS_4V5ZAm,4V5ZAm
6X89C2_7A23i,7A23i
2DJMA_2DJMA,2DJMA
3J7YN_7O9MN,7O9MN
3J9MAP_3JD5R,3JD5R
6TFJA_6TFJA,6TFJA
4CRSA_4CRSA,4CRSA
1EY1A_1EY1A,1EY1A
1T16A_3PGUA,3PGUA
1AVAC_1AVAC,1AVAC
7OPXC_7OZIC,7OZIC
7QOOK_7XHNK,7XHNK
1BBT3_5OWX3,5OWX3
2LATA_2LATA,2LATA
1CMOA_1CMOA,1CMOA
2Q8UA_3THNA,3THNA
1COOA_1XS9D,1XS9D
5O5JF_5XYUF,5XYUF
4AQ5B_4AQ5B,4AQ5B
4ZWQA_4ZWTG,4ZWTG
1G16A_2EQBA,2EQBA
1AVPA_4EKFA,4EKFA
6LNBI_6PIFI,6PIFI
5OQM2_5OQM2,5OQM2
5JV3A_5JVSA,5JVSA
2OSZA_4JO7A,4JO7A
3GXGA_3GXGA,3GXGA
2H31A_2H31A,2H31A
1FJGM_1IBLM,1IBLM
3VBFD_3ZFGD,3ZFGD
3J7PSf_4UG0Sf,4UG0Sf
5LILA_5LILA,5LILA
6UO8B_6UO8B,6UO8B
2YGWA_4F0XB,4F0XB
1B7TA_1DFLB,1DFLB
5XJCY_6ICZY,6ICZY
5M7RA_6HKIA,6HKIA
2O3JA_2O3JA,2O3JA
3JCUE_5MDXE,5MDXE
4WT4A_4WT4A,4WT4A
5V8FE_5V8FE,5V8FE
2QM3A_2QM3A,2QM3A
5GUBA_5GUBA,5GUBA
5BK0B_5BK5D,5BK5D
3WXVA_5LXGA,5LXGA
1JAJA_1JAJA,1JAJA
1AFCA_1RY7A,1RY7A
3RO2A_5A6CA,5A6CA
3D4CA_3EF7A,3EF7A
2JMRA_2JMRA,2JMRA
4V61AC_4V61AC,4V61AC
5GUPh_5GUPh,5GUPh
3T15A_4W5WA,4W5WA
2H9AA_2H9AA,2H9AA
1LX8A_1LX8A,1LX8A
4V4NAV_4V4NAV,4V4NAV
1A2TA_1SNDA,1SNDA
7N6G4Q_7N6G4R,7N6G4R
6S7XA_6S7XA,6S7XA
3K92A_3K92A,3K92A
4PARA_4PARD,4PARD
6NPBA_6NPBA,6NPBA
1CKQA_1QC9A,1QC9A
2K0QA_2K0QA,2K0QA
3J7Y7_4CE4c,4CE4c
1KLVA_1KLVA,1KLVA
1P5UA_2OS7A,2OS7A
4C2M2_5M5YM,5M5YM
1IJAA_2KIDA,2KIDA
3JCSU_4V8MBV,4V8MBV
3UM7A_3UM7A,3UM7A
4KVME_4KVME,4KVME
5WLCSZ_6Y7Ci,6Y7Ci
3QBCA_3QBCA,3QBCA
1NKWD_4V4GBG,4V4GBG
3M8LA_3M8LA,3M8LA
4EI5D_4EI5D,4EI5D
5D98A_5D9AA,5D9AA
1ACFA_1F2KA,1F2KA
7CR6A_7CR6B,7CR6B
1WR4A_2LB2A,2LB2A
4X8FA_4X8FA,4X8FA
3J9MAM_3JD5P,3JD5P
6W1SY_7LBMq,7LBMq
3O08A_3O1WB,3O1WB
1SXJB_1SXJB,1SXJB
6PILA_6PK8A,6PK8A
2M3VA_2M3VA,2M3VA
3J7YV_7QH6V,7QH6V
2LXBA_2LXCB,2LXCB
2XA8H_4X7SH,4X7SH
5CVMA_5K1AC,5K1AC
3KZFA_4JZ7C,4JZ7C
7EBSA_7EBSA,7EBSA
1F51E_2JVJA,2JVJA
3RPIB_4LSVL,4LSVL
4HQLA_4HQLA,4HQLA
6W191_6W19f,6W19f
3I53A_3I53B,3I53B
2E34A_2E34A,2E34A
2MFAA_2MJYA,2MJYA
4BHWA_8HANK,8HANK
7PBLA_7PBSF,7PBSF
5MPBY_6FVTY,6FVTY
2JDQA_2JDQA,2JDQA
4RKUH_4RKUH,4RKUH
3J7OO_4D5YO,4D5YO
4ZP4A_5Y7YB,5Y7YB
5ZGOA_5ZGOA,5ZGOA
2M3XA_2M3XB,2M3XB
2L9JA_2L9JA,2L9JA
3J9MA1_6NU2A1,6NU2A1
6N3QA_7KAIA,7KAIA
5EN6A_5EN6A,5EN6A
2GOVA_4A1MA,4A1MA
1JL3A_1Z2EA,1Z2EA
6WW7B_6Y4LA,6Y4LA
1BM7A_1E3FB,1E3FB
6XIWB_7WJID,7WJID
4WP2A_4WP2B,4WP2B
1PSDA_1PSDA,1PSDA
1QLCA_1QLCA,1QLCA
3A43A_3A43A,3A43A
1K8KC_7AQKc,7AQKc
1TYEB_2VDMB,2VDMB
4DBGB_4DBGB,4DBGB
1S3AA_1S3AA,1S3AA
5Z56u_5Z56u,5Z56u
2OZBB_3SIUE,3SIUE
2GEJA_2GEJA,2GEJA
1FL3A_4ODWH,4ODWH
11BAA_11BAB,11BAB
1H8TB_6HBHB,6HBHB
2DRYA_2DRYA,2DRYA
2ETLA_2LENA,2LENA
5H3OA_5H3OB,5H3OB
1D9QA_1SPIA,1SPIA
3MVAO_3N7QA,3N7QA
4DAMA_4DAMD,4DAMD
3O5EA_7AOUA,7AOUA
6SPCn_6SPCn,6SPCn
1WPQA_1WPQB,1WPQB
5K0YT_5K0YT,5K0YT
1AALA_1LD6A,1LD6A
3W6NA_3W6NA,3W6NA
7YI0A_8HPOA,8HPOA
1MJIA_1MJIB,1MJIB
1C1EH_2W65C,2W65C
4EN0A_4EN0A,4EN0A
1AN7A_1IBLH,1IBLH
6YARC_6YB5D,6YB5D
2CRAA_2L7ZA,2L7ZA
1D8YA_1KLNA,1KLNA
4V47BG_6VWMf,6VWMf
1RFLA_1RFLA,1RFLA
5OQLl_5OQLl,5OQLl
1VVJRP_4V4IJ,4V4IJ
1GHCA_1GHCA,1GHCA
4ZNGA_4ZNGB,4ZNGB
2YKRM_2YKRM,2YKRM
1CK4A_2M32A,2M32A
10MHA_1HMYA,1HMYA
2BGWA_2BHNB,2BHNB
7NP7D1_7NP7D1,7NP7D1
2D0TA_6DPRA,6DPRA
1VVJR8_4WR6Q8,4WR6Q8
3A5TA_7X5EA,7X5EA
3AU8A_3AU8B,3AU8B
2ZTGA_2ZTGA,2ZTGA
6E25A_6E25A,6E25A
2PMZC_4AYBC,4AYBC
6NJLA_7LDEA,7LDEA
1C9OA_1HZCA,1HZCA
6QZQA_6R7BB,6R7BB
2J28X_2J28X,2J28X
2KBYA_2NB1B,2NB1B
2DOQA_2DOQA,2DOQA
6ZEEC_6ZEEC,6ZEEC
2IHR1_2IHR1,2IHR1
6HU9l_8EC0V,8EC0V
6VQ6I_6VQ7I,6VQ7I
5ADXb_5AFUb,5AFUb
3J8BC_6W2S2,6W2S2
1D3I4_1HRI4,1HRI4
4BGPA_4BGPA,4BGPA
4C7MA_4C7MA,4C7MA
5OATA_5OATA,5OATA
7KJAA_7KJAA,7KJAA
1EUTA_1W8NA,1W8NA
7PU4A_7PU4A,7PU4A
7OY9A_7OY9D,7OY9D
2X10A_3MX0C,3MX0C
5IXCA_5IZ5A,5IZ5A
1G99A_1G99A,1G99A
1FP4A_1L5HA,1L5HA
7TTRA_7TTRF,7TTRF
2R4BA_3BBWA,3BBWA
6BRMA_6BRMA,6BRMA
1DSNA_1DSNA,1DSNA
1AKZA_7V7CD,7V7CD
6QYYA_6QYYF,6QYYF
2X58A_2X58B,2X58B
1G4FA_1G4FA,1G4FA
1WVZA_1WVZA,1WVZA
4AQNA_4ARMA,4ARMA
1KEZA_1KEZA,1KEZA
1YI6A_5BMMB,5BMMB
3VDXA_4D9JE,4D9JE
2O01F_2WSEF,2WSEF
1S9HA_1S9HA,1S9HA
5D3MB_6FNPG,6FNPG
7XJYA_7XJZA,7XJZA
1FNTL_4CR25,4CR25
3ANZA_3M2LG,3M2LG
7PWGk_7PWGk,7PWGk
6R6HG_6R7HG,6R7HG
1GABA_1GABA,1GABA
3WYBA_3WYCA,3WYCA
1PX5A_4RWNA,4RWNA
6W1SV_6W1SV,6W1SV
3K0LA_3K0LB,3K0LB
6WM2K_6WM4K,6WM4K
1ES6A_7JZTD,7JZTD
2ADLA_2H3AA,2H3AA
2H2QA_3CL9A,3CL9A
6XTX2_7W68A,7W68A
5OCHA_5OCHA,5OCHA
4BHBA_4BHBA,4BHBA
1V4SA_1V4TA,1V4TA
1C04B_1RL6A,1RL6A
1Z2MA_3SDLC,3SDLC
6SCTB_6WCJG,6WCJG
7M1ZA_7M1ZC,7M1ZC
1FJGB_1I94B,1I94B
5H1ST_5H1ST,5H1ST
4N3WA_4N3WA,4N3WA
1X8ZA_1X91A,1X91A
5EIUA_5VA4A,5VA4A
7VMXB_7VMXB,7VMXB
2HCNA_2HCSA,2HCSA
4FXGC_4FXGC,4FXGC
1VIIA_1VIIA,1VIIA
6P3HA_6P3HA,6P3HA
4Q7JD_4Q7JD,4Q7JD
5XSOA_5XT2A,5XT2A
5WLCSO_5WYJP1,5WYJP1
3IUJA_3IUJA,3IUJA
7W3Ax_7W3Ax,7W3Ax
1TA8A_1TA8A,1TA8A
6U425O_6U425O,6U425O
7D6YB_7D6YB,7D6YB
1VVJRV_4V4IP,4V4IP
2AEQH_7X4KH,7X4KH
1AIUA_1AUCA,1AUCA
2DU2A_7F1YB,7F1YB
6K15D_6K15D,6K15D
1BPDA_1BPYA,1BPYA
3NCPA_3NCPA,3NCPA
1CTXA_1LXGA,1LXGA
3UCWA_3UCWA,3UCWA
5LI03_7ASOh,7ASOh
3TVYA_3TVYA,3TVYA
3JCTQ_4V4BBO,4V4BBO
1AD9B_4D9LJ,4D9LJ
7N6G1D_7N6G1E,7N6G1E
2W48A_2W48A,2W48A
1LD4M_1LD4N,1LD4N
1A91A_1ATYA,1ATYA
4N6HA_6PT2B,6PT2B
4WM7B_6AJ2B,6AJ2B
1WM3A_2MP2B,2MP2B
3J7OD_4V6XCD,4V6XCD
5C4IB_5C4IE,5C4IE
2X36A_2X36A,2X36A
1PZEA_1PZEA,1PZEA
2A1BA_2A1BB,2A1BB
5LRPA_6T6LC,6T6LC
1JEQA_7AXZA,7AXZA
5FMGH_5FMGV,5FMGV
6AEIA_7X6CA,7X6CA
1HWYA_1NR1C,1NR1C
3SWNB_3SWNB,3SWNB
4KFRA_4R2HA,4R2HA
1NT9G_7MEIg,7MEIg
3G45B_3G45B,3G45B
1A4JA_4YHNL,4YHNL
1WZUA_1WZUA,1WZUA
1Z9LA_1Z9LA,1Z9LA
3CUEC_7E2DD,7E2DD
1VH3A_3DUVA,3DUVA
2OK7A_2OK8A,2OK8A
5L6QA_5L6QB,5L6QB
1NKWU_1Y69U,1Y69U
1NQDA_1NQDA,1NQDA
2QZVA_2QZVA,2QZVA
4TYUA_4TYUA,4TYUA
5QSMA_5QSMA,5QSMA
3J4JA_3J4JA,3J4JA
1G9NG_5UKRG,5UKRG
5L75G_6MHZG,6MHZG
1Z9EA_3U88D,3U88D
4V81A_4V81I,4V81I
4WZ7L_4WZ7L,4WZ7L
1ULTA_1ULTA,1ULTA
5M45B_5M45B,5M45B
1JVSA_1K5HA,1K5HA
1ZHTA_1ZHTA,1ZHTA
7A0IA_7A0IA,7A0IA
5FLMF_7ASTE,7ASTE
3IYFA_3IZHA,3IZHA
2DLLA_7JM4A,7JM4A
6X6BA_6X9GA,6X9GA
7BSTA_7BSTA,7BSTA
1LP9E_1NFDA,1NFDA
2J28Z_4V4HBZ,4V4HBZ
7Y4Lz8_7Y4Lz8,7Y4Lz8
1K1CA_1K1CA,1K1CA
4JERA_4JERA,4JERA
2X5GA_2X5GA,2X5GA
4KTDL_6IEAL,6IEAL
7SGRA_7SGRA,7SGRA
1BHTA_1GP9C,1GP9C
1I3GL_7MLVK,7MLVK
4U04A_4U0ZB,4U0ZB
5OQLx_5WYJSY,5WYJSY
5U6OA_7NMNA,7NMNA
7PWGR_8BTDLS,8BTDLS
1V93A_3APTB,3APTB
1PQSA_1PQSA,1PQSA
2JU4A_2JU4A,2JU4A
1C82A_1C82A,1C82A
5YEPA_5YEPA,5YEPA
8EXPA_8EXPB,8EXPB
8DE7A_8DE7A,8DE7A
4KFCA_4KFCA,4KFCA
1BGWA_1BGWA,1BGWA
6HQ2A_6HQ2A,6HQ2A
4UERb_6GSMp,6GSMp
2KSCA_4L2MA,4L2MA
2HWGA_2HWGA,2HWGA
1DF3A_1DF3A,1DF3A
3N75A_5FKXA,5FKXA
1SVA1_1SVA4,1SVA4
1WUUA_6QJED,6QJED
2YD0A_3MDJC,3MDJC
1DFCA_3LLPB,3LLPB
1FJGL_1IBLL,1IBLL
1ZVHA_5M13B,5M13B
7THHA_7THHA,7THHA
4UI9O_5G04O,5G04O
1SIGA_7XUIL,7XUIL
5ZQTA_6JJ4A,6JJ4A
6ACSA_6ACSA,6ACSA
2QFCA_2QFCA,2QFCA
3CMQA_3CMQA,3CMQA
1TZIB_5WUXA,5WUXA
5GM6G_5GM6G,5GM6G
3CFXA_3CFXA,3CFXA
1J7DB_6P5BC,6P5BC
2J0NA_2J0NA,2J0NA
7OWEA_7OWEA,7OWEA
1GWYA_2L38A,2L38A
1BHJA_1NBHA,1NBHA
3JPWA_3JPWA,3JPWA
2C8TA_4U0HA,4U0HA
3HL9A_3HLDA,3HLDA
1WSXA_1WSXA,1WSXA
5I0HA_5I0HA,5I0HA
5ARAW_5ARHW,5ARHW
4UZ2A_4UZ2A,4UZ2A
4F21A_4F21A,4F21A
4NL4H_6DCRA,6DCRA
1AR2A_8HHYL,8HHYL
1A28A_2OVMA,2OVMA
1EZVI_3CX5I,3CX5I
1D0GR_8DPXA,8DPXA
2X19B_2X19B,2X19B
2RMNA_2RMNA,2RMNA
4V61AN_4V61AN,4V61AN
3GYXB_3GYXF,3GYXF
6LK8F_6LK8f,6LK8f
4N6JA_4N6JA,4N6JA
5MQFC_5MQFC,5MQFC
2BO3A_2BO3A,2BO3A
3FWBC_3KIKA,3KIKA
3C0GA_3TACA,3TACA
1U12A_1VP6A,1VP6A
1ES7A_8E3GC,8E3GC
6DM9B_6DM9B,6DM9B
6L54C_6L54C,6L54C
2AO9A_2AO9H,2AO9H
1B0OA_1CJ5A,1CJ5A
7JVEA_7JVEA,7JVEA
5SWJA_5YBIB,5YBIB
3JADA_3JADB,3JADB
1EFZA_1Q2SC,1Q2SC
2LC4A_2LC4A,2LC4A
5AN8A_7ZJID,7ZJID
1SSKA_1SSKA,1SSKA
1FEWA_8ATOC,8ATOC
5FBSA_5FBSA,5FBSA
1GOLA_2FYSA,2FYSA
3J9WAG_6S13g,6S13g
1DKXA_3DPOB,3DPOB
2Q99A_2QRJA,2QRJA
1OANA_1OK8A,1OK8A
1P8KZ_3EH8G,3EH8G
6IFKE_6NUDN,6NUDN
3WAEA_4ELRA,4ELRA
2JTFA_2JTFA,2JTFA
1JXQA_1JXQD,1JXQD
1FJGD_1IBLD,1IBLD
6SMHI_6SMHI,6SMHI
4L79A_4L79A,4L79A
6Z6FA_6Z6FA,6Z6FA
1QB3A_1QB3A,1QB3A
1Z6RA_1Z6RD,1Z6RD
2HXYA_2HXYC,2HXYC
1AHHA_7ENYB,7ENYB
5GYDA_5YK7B,5YK7B
2CH5A_2CH6D,2CH6D
1A19A_1AB7A,1AB7A
4LGLA_4LGLA,4LGLA
2QK9A_2QKKN,2QKKN
1RQUA_1RQUA,1RQUA
5UGJA_5UGJC,5UGJC
1A1VA_3KQLA,3KQLA
3CW11_6FF7b,6FF7b
5C19D_7MHSA,7MHSA
6HIVDW_6SG9DW,6SG9DW
6FH1A_6FH3B,6FH3B
1GCAA_1GLGA,1GLGA
2UVGA_2UVGA,2UVGA
5IHBA_5IHBA,5IHBA
6J94A_6J94A,6J94A
6GOS1_6GOS1,6GOS1
1WFZA_5WKPH,5WKPH
2H85A_2OZKB,2OZKB
3TY5A_3TY5B,3TY5B
2R96A_2R97A,2R97A
5W6LA_5W6LA,5W6LA
2BDWA_2WELA,2WELA
1MWBA_1MWBA,1MWBA
1G10A_1G10A,1G10A
6HK8A_6R17C,6R17C
7KAGA_7PKUA,7PKUA
3J9TQ_3J9TQ,3J9TQ
4N6LA_4N6LA,4N6LA
1ZAUA_1ZAUA,1ZAUA
1AG2A_3HJ5A,3HJ5A
1P22A_6TTUT,6TTUT
2YRZA_6HYFD,6HYFD
1RZGA_5CJQH,5CJQH
8EMBA_8EMBB,8EMBB
1B2WH_8ATHE,8ATHE
4WJTA_4WJTA,4WJTA
6QZ9A_6QZ9A,6QZ9A
2HDMA_2HDMA,2HDMA
5V8FF_5V8FF,5V8FF
2WJ5A_4JUTE,4JUTE
2CJWA_2G3YA,2G3YA
3J7PSD_4V3PSB,4V3PSB
3LTJA_7Q1FD,7Q1FD
7E59A_7E59B,7E59B
3JA87_5V8F7,5V8F7
2YHCA_2YHCA,2YHCA
5GM6Q_5Y88M,5Y88M
3RF9A_5HR6A,5HR6A
1N1AA_1ROTA,1ROTA
3FXQA_3FXRA,3FXRA
5APBA_5APBA,5APBA
5OIKZ_5OIKZ,5OIKZ
1IRUA_5LN3A,5LN3A
2DJNA_2DJNA,2DJNA
5MRCII_5MRCII,5MRCII
1Z8SA_1Z8SA,1Z8SA
1B2VA_1B2VA,1B2VA
5D6HB_5D6HB,5D6HB
3J4BA_7EY7N,7EY7N
1NKWI_4V4GBL,4V4GBL
1ETHA_1ETHC,1ETHC
5TWBA_5TWBA,5TWBA
3M8WA_3TX0A,3TX0A
2JS7A_2JS7A,2JS7A
7N6G6E_7N6G6F,7N6G6F
4II2A_5KNLA,5KNLA
1RLUA_6Y1UB,6Y1UB
6AO3A_6AO3C,6AO3C
1FSZA_1W59B,1W59B
5NX2A_5NX2A,5NX2A
1JXEA_1KTQA,1KTQA
1S6NA_1S6NA,1S6NA
1LS5A_1LS5A,1LS5A
5VHAA_5VHEA,5VHEA
1XMTA_1XMTA,1XMTA
5MYJAR_5MYJAR,5MYJAR
6SWSA_6SWSB,6SWSB
2W40A_2W40A,2W40A
1S1FA_1SE6B,1SE6B
3J7OZ_4D5YZ,4D5YZ
6O8Wd_6O90d,6O90d
1VZ0A_1VZ0A,1VZ0A
5XIFA_6AA0A,6AA0A
1JR5A_6K4YI,6K4YI
1CR0A_6N7NF,6N7NF
1YDLA_1YDLA,1YDLA
1LMMA_1LMMA,1LMMA
2HDEA_2HDEA,2HDEA
6B8Hf_6B8Ht,6B8Ht
3TP2A_3TP2A,3TP2A
6VLZq_7PD3q,7PD3q
1A69A_1A69A,1A69A
1B4MA_1B4MA,1B4MA
7MXOA_7S1XA,7S1XA
6KZ4A_6V0HA,6V0HA
1XTQA_2L0XA,2L0XA
1FLEI_2RELA,2RELA
1GVLA_1GVLA,1GVLA
4GIJA_4GIJC,4GIJC
1QOYA_2WCDE,2WCDE
4X5TA_4X5TD,4X5TD
5F3OA_5F3OA,5F3OA
4V4NBL_4V4NBL,4V4NBL
1AJ5A_1AJ5B,1AJ5B
5GUPN_5LC5V,5LC5V
1CJGA_1OSLA,1OSLA
6JEOaF_6TCLF2,6TCLF2
1IRUF_5LN3F,5LN3F
3F7FA_3HXRA,3HXRA
4LRXC_4LRXC,4LRXC
1ROEA_1ROEA,1ROEA
4MAGA_4MAGA,4MAGA
1GC0A_5X2YA,5X2YA
5BK7A_5DJ1D,5DJ1D
4BWKA_4BWKA,4BWKA
6VK4D_6VK8H,6VK8H
5WLCLW_6KE65C,6KE65C
2V0VA_2V0VB,2V0VB
1N7ZA_5HX2B,5HX2B
7CKMB_7EJUB,7EJUB
6AJFA_6AJFA,6AJFA
7S00d_7S00d,7S00d
2J28S_4V73BS,4V73BS
1K8KE_6YW6E,6YW6E
1EXUA_5WHKA,5WHKA
4V61BH_5MLCG,5MLCG
4DVQA_6M7XA,6M7XA
3QWAA_3QWAA,3QWAA
1MT0A_2FFAA,2FFAA
6RXTUB_6RXTUB,6RXTUB
3QA8A_3QA8B,3QA8B
5A8BA_5DKLA,5DKLA
1VH1A_1VH1D,1VH1D
2P1MA_5HZGC,5HZGC
1AOXA_1DZIA,1DZIA
1M1DA_5GCNA,5GCNA
2CY7A_2CY7A,2CY7A
2AR5A_2AR5A,2AR5A
6LTPA_6LTPA,6LTPA
5ZIBA_6YJRC,6YJRC
1JTIA_1JTIA,1JTIA
2R19A_7ZEDA,7ZEDA
5EY7A_5EY7B,5EY7B
1E3TA_1E3TA,1E3TA
3EWSA_3EWSB,3EWSB
1ZBDA_3DZ8A,3DZ8A
3TAIA_3TAIA,3TAIA
1XKEA_1XKEA,1XKEA
4ZRLA_4ZRLA,4ZRLA
1ILYA_4V9JBS,4V9JBS
5IVW2_5IY62,5IY62
2B3UA_3BJ7C,3BJ7C
1JKWA_1KXUA,1KXUA
1IYFA_1IYFA,1IYFA
1X4CA_2M8DB,2M8DB
2J7TA_4AOTB,4AOTB
1E79H_5FILH,5FILH
4IVGA_4IVGA,4IVGA
6SSNA_6SSNA,6SSNA
3Q6MA_3Q6NE,3Q6NE
3MXOA_3O0TB,3O0TB
5UZ9C_5UZ9F,5UZ9F
1FO0B_1KJ2B,1KJ2B
1FVDB_3R1GH,3R1GH
5KWAA_7LJFF,7LJFF
6GCSI_6GCSI,6GCSI
2RHHA_5MN7A,5MN7A
1A8JH_1MCHB,1MCHB
1BBJB_3C08H,3C08H
4UDF13_4UDF13,4UDF13
2RM5A_2VUPA,2VUPA
4L6V8_4L6Vl,4L6Vl
5Y6P14_5Y6P14,5Y6P14
1UDWA_1UEIB,1UEIB
3J7PSX_4V5ZAl,4V5ZAl
3J9MA0_3JD5j,3JD5j
1FJGI_1IBLI,1IBLI
1IRUC_5T0JI,5T0JI
1PN3A_1PN3A,1PN3A
2K37A_2K37A,2K37A
6U43A_6U44A,6U44A
7X4LA_7X52B,7X52B
2AHOA_3QSYA,3QSYA
4XTKA_4XTKA,4XTKA
1HQCA_1IXRC,1IXRC
4UCIA_4UD0B,4UD0B
1B4OA_1B4OA,1B4OA
7YFZA_7YFZA,7YFZA
2YGDA_3J07A,3J07A
2ZV6A_2ZV6A,2ZV6A
3J79J_3J79J,3J79J
2V1XA_7A8RA,7A8RA
2BJVA_5NSSN,5NSSN
1D8HA_1D8HA,1D8HA
1CKLA_1CKLA,1CKLA
4WISA_4WISB,4WISB
2HNHA_2HNHA,2HNHA
1X3WB_1X3ZB,1X3ZB
1QBFA_1RUUA,1RUUA
1LWDA_5H3FB,5H3FB
3R0JA_3R0JA,3R0JA
3NJEA_5BW0E,5BW0E
3JCSf_3JCSf,3JCSf
3K6SA_3K6SC,3K6SC
1MQTA_7XB21,7XB21
6B8Hd_6CP37,6CP37
1A2IA_1GX7E,1GX7E
1FG9C_1FG9E,1FG9E
4CYMA_4CYMA,4CYMA
4CGXA_4CGXB,4CGXB
4GBYA_4QIQA,4QIQA
6JZQA_6JZQA,6JZQA
2QLRA_4GDYB,4GDYB
6Y509_6Y509,6Y509
6UHAA_6UHAB,6UHAB
1XRDA_1XRDA,1XRDA
1NJMK_4V4GBN,4V4GBN
7W9XA_7W9XA,7W9XA
4GCTA_4GFKA,4GFKA
3K51B_3K51B,3K51B
1S5LJ_1S5Lj,1S5Lj
4CT4B_4CT4B,4CT4B
6JXRe_6JXRf,6JXRf
4OETA_4OETA,4OETA
7LG5A_7LG5B,7LG5B
5F5MA_5F5OC,5F5OC
5MQ4A_5MQ4A,5MQ4A
3DXCA_5NQHA,5NQHA
6V4AA_6V4AC,6V4AC
3Q90A_7XHGA,7XHGA
6A6BA_6OSJA,6OSJA
1DT9A_3J5YA,3J5YA
1DGIR_4FQPA,4FQPA
4P6VF_4P6VF,4P6VF
4BPUB_8D0BE,8D0BE
6HQ4A_6HQ5A,6HQ5A
7EIVA_7EIVA,7EIVA
5A5TH_5A5TH,5A5TH
5FLZC_5FLZD,5FLZD
4V4NAY_4V4NAY,4V4NAY
1H8CA_1H8CA,1H8CA
7T4TA_7T4TA,7T4TA
1OCCC_7W3EP,7W3EP
1H3MA_3N9WA,3N9WA
1C0UB_4KSEB,4KSEB
1DVAL_1DVAL,1DVAL
3QCPA_3QCPA,3QCPA
1I3QI_3J1NI,3J1NI
1NKWP_2ZJPO,2ZJPO
4NTZA_4NTZA,4NTZA
1NU3A_4R9KA,4R9KA
2M88A_2M88A,2M88A
2N8LA_2N8LA,2N8LA
6HIVDX_7PUBDX,7PUBDX
1A9OA_3GB9A,3GB9A
5GJQS_5L4KS,5L4KS
1X9NA_1X9NA,1X9NA
4OH0A_4Z9QA,4Z9QA
1P3JA_4MKHA,4MKHA
3J6X20_4V4BAJ,4V4BAJ
2BNQD_5EU6D,5EU6D
7QFJA_7QFJB,7QFJB
1NKW4_4V4GB6,4V4GB6
1L0LI_5J4ZAI,5J4ZAI
5KEVB_5KEVB,5KEVB
7TIFA_8E3SA,8E3SA
2B86A_2B86A,2B86A
5N07A_5N07A,5N07A
6HU9e_8EC0W,8EC0W
3T2BA_3T2DA,3T2DA
6AHCA_6TQHC,6TQHC
5ZSUA_5ZSUB,5ZSUB
2AMYA_7O0CA,7O0CA
6CESC_6CESC,6CESC
3WW7A_4ZCNB,4ZCNB
2FE3A_2FE3A,2FE3A
4W9WA_5I3OA,5I3OA
2F6JA_2F6NB,2F6NB
4OITA_4OKCB,4OKCB
5IWKA_5IWRA,5IWRA
1WP1A_1WP1B,1WP1B
1OGAE_2AXHA,2AXHA
1EK5A_1EK5A,1EK5A
1EVKA_1EVLB,1EVLB
6KKME_6KKME,6KKME
6WW7F_6Z3WF,6Z3WF
7C8MA_7C8OA,7C8OA
4XGUA_4XGUB,4XGUB
6A9WA_6JOQA,6JOQA
2WFF2_2WFF2,2WFF2
2YM0A_2YM9C,2YM9C
2RV9A_2RV9A,2RV9A
1L7VA_2QI9B,2QI9B
7V9NA_7V9NA,7V9NA
8A8UA_8A8VA,8A8VA
1FPUA_3IK3B,3IK3B
1KIUB_1KLFB,1KLFB
1ETHB_1PCOA,1PCOA
4ACRA_4ACRD,4ACRD
1A6UH_2BJMH,2BJMH
1XKAL_1XKAL,1XKAL
1N6JA_6BZ1C,6BZ1C
7UW9A_7UW9C,7UW9C
3J9PA_3J9PB,3J9PB
6P3XA_6P3XB,6P3XB
7N6G1R_7N6G1R,7N6G1R
1ETZA_1JNHG,1JNHG
1B33N_7EXT23,7EXT23
2M6KA_2M6KA,2M6KA
7BINQ_7BINQ,7BINQ
4V61BO_4V61BO,4V61BO
2HEVR_6OKMR,6OKMR
7D28A_7D2PA,7D2PA
3FANA_3FANA,3FANA
1A2BA_5A0FA,5A0FA
8AXKN_8AXKN,8AXKN
3K35A_8F86K,8F86K
7QOFA_7QOIAD,7QOIAD
1CMAA_1MJKA,1MJKA
4H56A_4H56A,4H56A
8CRIA_8CRIA,8CRIA
1Z5VA_1Z5VA,1Z5VA
1VVJRI_5OT77,5OT77
6TG6A_6Z2BB,6Z2BB
4WCEE_5NRGE,5NRGE
3KZ9A_7AMNA,7AMNA
3J4AA_8DGFF,8DGFF
7FCVA_7WM2B,7WM2B
1FNTE_4CR3E,4CR3E
7BBQA_7BBQA,7BBQA
6B73A_6VI4A,6VI4A
1AO6A_1O9XA,1O9XA
4BMAA_6G9WA,6G9WA
5OCKH_5OCKH,5OCKH
6Z5R1_6Z5S3,6Z5S3
2B3XA_2B3XA,2B3XA
4CSUI_7ABZI,7ABZI
2CKZB_6EU0G,6EU0G
1B57A_1ZENA,1ZENA
4V4NBB_4V4NBB,4V4NBB
1UIUA_1UIUA,1UIUA
1ZBHA_1ZBHA,1ZBHA
6RURV_6S0AA,6S0AA
2RGXA_2RGXA,2RGXA
4APSA_4APSB,4APSB
1BP3B_1BP3B,1BP3B
1CQQA_1CQQA,1CQQA
6CESA_6NZDF,6NZDF
3J79R_3J79R,3J79R
1MT1A_1MT1C,1MT1C
6TMIG_6TMIG,6TMIG
2JSSA_2JSSA,2JSSA
6WUHB_6WUHB,6WUHB
4G91C_6Y35C,6Y35C
1Y4OA_6F38l,6F38l
2M59A_2M59A,2M59A
1LI1C_5NB2A,5NB2A
2I7NA_2I7PA,2I7PA
6F1Te_6F1Tm,6F1Tm
2G5FA_2I6YA,2I6YA
5MQFP_5MQFP,5MQFP
3J81j_6GSMj,6GSMj
3X0VA_3X0VA,3X0VA
1A8AA_1ANWA,1ANWA
6J68A_6J68A,6J68A
6Q1ZD_6Q1ZH,6Q1ZH
2FUG4_2FUGD,2FUGD
1EKJA_1EKJA,1EKJA
5NG5A_5V5SF,5V5SF
1Z1LA_3ITMB,3ITMB
4V1NM_5FMFP,5FMFP
6D6QM_6IEHB,6IEHB
6DV5A_6DV5H,6DV5H
3J7PST_5T2CAU,5T2CAU
2W2IA_2W2IB,2W2IB
1HA0A_7ZJ7A,7ZJ7A
2JOWA_2JOWA,2JOWA
5Z75A_5Z76A,5Z76A
1KV6A_1S9QB,1S9QB
4LOGA_4XAJA,4XAJA
6RD4P_6RD4P,6RD4P
3JCOX_5WVKX,5WVKX
3DLBA_3DLBA,3DLBA
5NXLA_6S07A,6S07A
2PMEA_4QEIA,4QEIA
1T91A_5LDDC,5LDDC
1J5CA_1M9WA,1M9WA
1LEEA_1PFZB,1PFZB
7B9FB_7NPUB3,7NPUB3
5YKCA_7DEBA,7DEBA
5EOAC_5EOAC,5EOAC
5JPHA_5JPHA,5JPHA
5T4OI_6OQTX,6OQTX
1CHOI_1IY6A,1IY6A
3ZKBA_3ZM7B,3ZM7B
1Q12A_1Q1EA,1Q1EA
1COV2_7DPG2,7DPG2
5XYBA_5XYBA,5XYBA
1KWPA_1KWPA,1KWPA
1DKFA_2ACLC,2ACLC
6AZ0A_6AZ0A,6AZ0A
7KHAK_7KHAK,7KHAK
4XVJL_5JZ7D,5JZ7D
1A50A_1WQ5A,1WQ5A
2NRUA_4U97B,4U97B
1FCGA_3RY6C,3RY6C
8EB4A_8EB4B,8EB4B
1FY7A_3TO6A,3TO6A
3HM6X_3SU8X,3SU8X
5L24A_5L24A,5L24A
2GG4A_2GG4A,2GG4A
1FM6D_6TDCA,6TDCA
2R2JA_5GU6A,5GU6A
6ME6A_6ME6A,6ME6A
1JNKA_7CMLB,7CMLB
3J7PSN_4D5LN,4D5LN
5GUPQ_5LDWW,5LDWW
7A0MA_7A0NC,7A0NC
4G31A_4X7JA,4X7JA
2JQ4A_2JQ4A,2JQ4A
1NKWS_4V4GBV,4V4GBV
3Q0YA_4TO7A,4TO7A
6PZKC_6PZKC,6PZKC
2X7NC_5FL8V,5FL8V
2FCIA_2FCIA,2FCIA
5K26A_6AQBA,6AQBA
1RZMA_1RZMA,1RZMA
4QLXA_4QLXA,4QLXA
6T60A_6T65C,6T65C
1BY3A_8A60A,8A60A
3PVJA_3V15D,3V15D
7CT8A_7CT8A,7CT8A
7ZM71_7ZM71,7ZM71
6YVRA_6YVRA,6YVRA
7JG1A_7JG1D,7JG1D
6G18t_7WTWt,7WTWt
1JZUA_1JZUA,1JZUA
2CKOA_2CKQA,2CKQA
7WTTw_7WTXw,7WTXw
3VGKA_3VGKA,3VGKA
3NO9A_3RRPB,3RRPB
3RCCA_7S54A,7S54A
1KLLA_1KLLA,1KLLA
8BIGA_8BIGH,8BIGH
4H8SA_4H8SC,4H8SC
2WMEA_2WMEA,2WMEA
2ZF5O_2ZF5O,2ZF5O
7C7LA_7C7LA,7C7LA
2R7EA_3J2QA,3J2QA
2V74B_3B3JA,3B3JA
1DQSA_1NR5A,1NR5A
5ZB8A_5ZB8A,5ZB8A
4CIUA_5OFOF,5OFOF
5HSQA_5HSQA,5HSQA
1CX8A_6H5IAb,6H5IAb
5XTCQ_5XTCQ,5XTCQ
1UZGA_7A3PB,7A3PB
5LHNA_5LHPA,5LHPA
2MTVA_2MTVA,2MTVA
3SK3A_3SK3B,3SK3B
1Y6IA_1Y6IA,1Y6IA
3HRMA_3HSEA,3HSEA
1LHPA_1LHPA,1LHPA
1CBVH_1NBVH,1NBVH
1X5QA_6ESPA,6ESPA
5GP9A_5GPCD,5GPCD
6CESD_6CESD,6CESD
3AWEA_3V0EA,3V0EA
6MYAA_7YHKA,7YHKA
2ZYHA_2ZYHB,2ZYHB
6ESLA_6ESLA,6ESLA
1DDTA_1TOXA,1TOXA
3T5TA_3T5TA,3T5TA
3I6PA_3MPYA,3MPYA
6QAKA_6QAKA,6QAKA
5XAMA_5XAMA,5XAMA
1G9MG_1G9MG,1G9MG
4XSOA_4XSOB,4XSOB
1Z1ZA_1Z1ZA,1Z1ZA
3PPAA_3PPAA,3PPAA
6NMTB_7A0WE,7A0WE
2V0UA_4HHDA,4HHDA
5F4EA_5F4TA,5F4TA
4NG7A_4NG7A,4NG7A
2QAGC_2QAGC,2QAGC
1UA2A_1UA2B,1UA2B
1J0SA_1J0SA,1J0SA
2V4DB_2V4DE,2V4DE
1AC0A_1AC0A,1AC0A
1NLOC_1SRMA,1SRMA
2CIMA_2CIMA,2CIMA
6X6SAM_6X6SAM,6X6SAM
1M42A_1OT4A,1OT4A
5DA8A_5DA8C,5DA8C
3C7KA_3C7KA,3C7KA
1FL1A_2PBKA,2PBKA
3QQ6A_5TN0A,5TN0A
1FGVL_7K8VN,7K8VN
5ZQ2A_5ZQ2A,5ZQ2A
1B7BA_1B7BD,1B7BD
1HSTA_7COWT,7COWT
5GIJB_5GIJB,5GIJB
2BTQB_2BTQB,2BTQB
1JX6A_1ZHHA,1ZHHA
1EZFA_3VJ8A,3VJ8A
4V4NAf_4V4NAf,4V4NAf
1BF8A_1BF8A,1BF8A
3BG0A_7VOPG,7VOPG
3ISXA_4P6YA,4P6YA
1AQAA_1I87A,1I87A
1PKGA_1PKGA,1PKGA
4AX8A_4UW0A,4UW0A
1BWZA_1BWZA,1BWZA
5CNWA_5CNWA,5CNWA
5W48A_5W48A,5W48A
7PKNN_7XHNN,7XHNN
2CX3A_2CX3B,2CX3B
3J3VS_3J3VS,3J3VS
1DV4E_1PKPA,1PKPA
4V3PLS_4V3PLS,4V3PLS
6DTQA_6DTQA,6DTQA
2QRIA_3NWMA,3NWMA
1URZA_1URZF,1URZF
4IAQA_4IAQA,4IAQA
1ADJA_1H4VB,1H4VB
2CJRA_2JW8A,2JW8A
2JKFA_2JKFA,2JKFA
2Y1VA_2Y1VA,2Y1VA
2B1EA_5YFPG,5YFPG
7ERXA_7ERXA,7ERXA
1CYUA_1N9JA,1N9JA
4EI7A_4EI7A,4EI7A
7C63A_7C64A,7C64A
7P2Yb_7P2Yb,7P2Yb
3NUMA_3NZIA,3NZIA
3H37A_5HC9B,5HC9B
2NPOA_2NPOA,2NPOA
1B7TY_3PN7B,3PN7B
1IC2A_7UTIh,7UTIh
1T5CA_8HFHA,8HFHA
1TXAA_1TXAA,1TXAA
3K33B_3K33B,3K33B
2Y9JA_3GR1D,3GR1D
3KOPA_3KOPC,3KOPC
3JCUW_5MDXW,5MDXW
1G13A_2AG4B,2AG4B
2J68A_2J68A,2J68A
3NUIA_3NUIB,3NUIB
1A9VA_1AHKA,1AHKA
1A37A_4DNKB,4DNKB
1K0SA_1K0SA,1K0SA
1TI8A_5T6SA,5T6SA
4V4NBA_4V4NBA,4V4NBA
5ELIA_5UD8A,5UD8A
8H89A_8H89A,8H89A
6AJ6A_6AJ6A,6AJ6A
7LTCA_7LTCA,7LTCA
6TF9UP1_6TF9UP1,6TF9UP1
7XE8A_7XE8A,7XE8A
2DF4B_2DQNB,2DQNB
2LPXA_2LPXA,2LPXA
1FA3A_1FUWA,1FUWA
2E7OA_2E7OA,2E7OA
6IFKH_6IFNH,6IFNH
4AJ51_4AJ52,4AJ52
4BQLA_5MW1A,5MW1A
2J28T_4V6PBV,4V6PBV
4CWUX_4CWUX,4CWUX
6H2DP_6H2DP,6H2DP
5VAEA_5VAEC,5VAEC
1FNTI_4CR22,4CR22
6HIVDT_6HIVDT,6HIVDT
1XKHA_2IAHA,2IAHA
1T2BA_1T2BA,1T2BA
5USRB_5USRD,5USRD
6OKPL_6OKPL,6OKPL
2XZAL_3NPSC,3NPSC
3DPGA_3DPGA,3DPGA
7CYEA_7CYEB,7CYEB
3WFIA_3WFIA,3WFIA
2EZWA_2EZWA,2EZWA
3WHPA_3WHPA,3WHPA
1AKYA_1AKYA,1AKYA
1AZZC_1IFGA,1IFGA
4M4WJ_4M4WK,4M4WK
3U50C_6D6VD,6D6VD
3MX1A_3MX1A,3MX1A
3J7PSG_6FECq,6FECq
4P96A_4P96A,4P96A
6MZCI_7EDXf,7EDXf
2WCWA_2WIWA,2WIWA
6W1SL_6W1SL,6W1SL
5YWZA_5YWZA,5YWZA
1A00B_6NQ5B,6NQ5B
2FH9A_3MN3A,3MN3A
1W24A_1Z2XB,1Z2XB
6QXFI_6QXFI,6QXFI
1FE0A_2LQ9A,2LQ9A
7U6IA_7U6IA,7U6IA
5JX5A_5JX5A,5JX5A
1SQ2N_1SQ2N,1SQ2N
3QS9G_3QS9G,3QS9G
4BFFA_4BFFA,4BFFA
2C44A_2C44A,2C44A
2XICA_2XICA,2XICA
2MVWA_2MVWB,2MVWB
1PMMA_1PMOB,1PMOB
7AFIX_7AFIX,7AFIX
5ZMMA_5ZMMA,5ZMMA
2PRYA_2PRYA,2PRYA
3LRSA_3MUGF,3MUGF
6QL4A_6RZTE,6RZTE
6BXBA_6BXBB,6BXBB
5XCCA_5XCCA,5XCCA
3VI3B_3VI4B,3VI4B
7N6G5E_7SQC2K,7SQC2K
5XW7A_5XW7A,5XW7A
3CEQA_3CEQA,3CEQA
1CN4A_1EBAB,1EBAB
2YKGA_3ZD6A,3ZD6A
4AVAA_4AVAA,4AVAA
3J6X65_4V6IBX,4V6IBX
1MHDA_1MHDA,1MHDA
5HCCB_6I2XC,6I2XC
2QIOA_3OJEA,3OJEA
3RHWA_3RHWA,3RHWA
6VQ6f_6XBWf,6XBWf
6IXLA_6IXLC,6IXLC
4IB4A_5TUDA,5TUDA
5GM6Z_5LJ3H,5LJ3H
1EGGA_1EGIA,1EGIA
4LMFA_4LMFA,4LMFA
8BFLA_8BFPB,8BFPB
1EEJA_1EEJB,1EEJB
2IO7A_2IO9B,2IO9B
1D8TA_3U6KA,3U6KA
1XJAA_1XJAC,1XJAC
3A7MA_3A7MB,3A7MB
4M6OH_6XQ2C,6XQ2C
1AZSC_3SN6A,3SN6A
1IRU2_6EPC7,6EPC7
7BYLA_7VNPA,7VNPA
3TOJA_6KIUT,6KIUT
5BJSB_5BJSB,5BJSB
5IY6T_7LBMT,7LBMT
3P9CA_3P9CA,3P9CA
3J7AW_3JBOW,3JBOW
3JVFC_5N9BA,5N9BA
8I9RCX_8I9RCX,8I9RCX
5EOUA_5EOUA,5EOUA
3VBBA_3VBBA,3VBBA
1AB4A_2Y3PB,2Y3PB
1EAWA_5LYOA,5LYOA
7V5CA_7V5CA,7V5CA
2JK8A_2JK8B,2JK8B
2ECGA_2ECGA,2ECGA
5NRLU_5ZWOv,5ZWOv
5A9Q2_7R5JS0,7R5JS0
1SJIA_2VAFA,2VAFA
5VOBC_5VOBC,5VOBC
3JCTa_7U0Ha,7U0Ha
7NC1A_7NC8D,7NC8D
3O8YA_3V99A,3V99A
6RXDA_6RXDA,6RXDA
1JSMB_1RD8D,1RD8D
4NDLA_4NDLB,4NDLB
2CG9A_2CG9A,2CG9A
1K1QA_1K1QA,1K1QA
1I3QC_5VVRC,5VVRC
1TXQA_2HKNA,2HKNA
3OHUA_3OHUB,3OHUB
1CY0A_3PX7A,3PX7A
6R76A_6R76A,6R76A
1R1UA_2KJBB,2KJBB
4AYCA_4AYCA,4AYCA
1H3NA_1H3NA,1H3NA
2BSQE_2BSQF,2BSQF
5GZNA_7BQ5A,7BQ5A
1W3OA_1W3OA,1W3OA
5MQFE_5YZGW,5YZGW
8EC8A_8EC8A,8EC8A
6W1CA_7LIHH,7LIHH
6J54f_6J5Af,6J5Af
1DDRA_4QLFA,4QLFA
3WWZA_3WWZA,3WWZA
4RZ9A_4RZAA,4RZAA
4WP3A_4WP3B,4WP3B
1E57A_1QJZA,1QJZA
1JY2P_1JY2P,1JY2P
5MESH_5MESH,5MESH
3KAJA_3KAJB,3KAJB
3J9TG_7FDEI,7FDEI
6AMXA_6AMXA,6AMXA
6U426T_6U426U,6U426U
8AASA_8AASA,8AASA
3MS6A_5Y38A,5Y38A
4TPTA_4TPTA,4TPTA
1C3VA_1YL6A,1YL6A
7OODz_7PIAz,7PIAz
1FFKS_4V4PAW,4V4PAW
7EEZA_7EF0A,7EF0A
2YINA_2YINA,2YINA
5JRIA_5JRIA,5JRIA
1WU0A_1WU0A,1WU0A
4WJ3M_4WJ4A,4WJ4A
1FTJA_3H06L,3H06L
5WLCLJ_6ND4J,6ND4J
15C8L_1KENL,1KENL
1KS9A_1KS9A,1KS9A
1PVDA_2VK4A,2VK4A
3HQIA_8DWSB,8DWSB
4K94C_4K94C,4K94C
1S9IA_3W8QA,3W8QA
4ND9A_5TEUB,5TEUB
4Q2WA_4Q2WA,4Q2WA
8EX4A_8EX4A,8EX4A
2KI3A_2OFNA,2OFNA
4RHPA_6DEWC,6DEWC
3J9WAI_7O5BI,7O5BI
1KWIA_1KWIA,1KWIA
4MBXA_4MBYF,4MBYF
6NDTB_6NDXD,6NDXD
6CFXA_6CFXA,6CFXA
3DRFA_3DRFA,3DRFA
6HDWA_6HE0A,6HE0A
7B9FD_7B9FD,7B9FD
3C48A_3C48A,3C48A
3LQ6A_3LQ6A,3LQ6A
1A5JA_1A5JA,1A5JA
1HIOB_6M2MH,6M2MH
3VXME_6OVOB,6OVOB
1Z57A_6RAAA,6RAAA
4G6AC_4HS6B,4HS6B
5IRXE_5IRXE,5IRXE
1DEVA_1DEVC,1DEVC
4V6FDY_4V6FDY,4V6FDY
6EZ1A_6F5CB,6F5CB
1IRUB_5T0JH,5T0JH
7U39A_7U39F,7U39F
2KDOA_5ANBJ,5ANBJ
6GCS3_7ZKP3,7ZKP3
7NHRA_7NHRE,7NHRE
3RLEA_4EDJB,4EDJB
1IKOP_2I85A,2I85A
4YDVB_4YDVB,4YDVB
1SJGA_1SJGA,1SJGA
1FJGC_1IBLC,1IBLC
1AL01_1AL04,1AL04
1N0LA_1QPXB,1QPXB
5JP5A_5JP5D,5JP5D
2R6GG_3FH6G,3FH6G
2MJUA_2MJUA,2MJUA
1AB3A_1AB3A,1AB3A
5O60C_7XAMC,7XAMC
1PQ3A_1PQ3A,1PQ3A
1COV1_7DPG1,7DPG1
1AROP_1CEZA,1CEZA
3KU3A_3QQOA,3QQOA
2BCJQ_4GNKA,4GNKA
4ZAIA_4ZAIA,4ZAIA
2W4LA_2W4LD,2W4LD
4CO6A_4CO6A,4CO6A
1Q1JH_2FL5B,2FL5B
7TQDA_7TQDA,7TQDA
4AOUA_4AOUA,4AOUA
6TBLC_6TBLC,6TBLC
1OIVA_6DJLG,6DJLG
1LM8V_6R6HV,6R6HV
3GPRD_3GPRD,3GPRD
2DKWA_2DKWA,2DKWA
1I0EA_1U6RB,1U6RB
4NQQA_4ZMTD,4ZMTD
4CZBA_4D0AB,4D0AB
1FA4A_1TU2A,1TU2A
3WWYA_3WWYA,3WWYA
1S03G_2YKRH,2YKRH
7UQIA_7UQJF,7UQJF
4D80A_4D81A,4D81A
6C6LN_7FDCe,7FDCe
6NS2A_6NS2A,6NS2A
7F56E_7F56E,7F56E
7NYRI_7NYUI,7NYUI
2MKCA_2MKCA,2MKCA
1BM3L_1K4CB,1K4CB
3D0SA_3D0SB,3D0SB
1EXTA_1EXTA,1EXTA
7JTKE_7JTKF,7JTKF
7W2OA_7XAQA,7XAQA
6VHVA_6VHVA,6VHVA
4V4NBW_4V4NBW,4V4NBW
4C2TA_4C30D,4C30D
3EZ2A_3EZ2A,3EZ2A
2RMFA_2RMFA,2RMFA
1FJGS_1FKAS,1FKAS
4ZHVA_4ZHVA,4ZHVA
7K017_7K047,7K047
4MFIA_4MFIA,4MFIA
1AN1E_1EZXC,1EZXC
1PUCA_1SCEA,1SCEA
5N6HA_5XHQA,5XHQA
6TJFA_6TJFC,6TJFC
2VT4A_6H7KA,6H7KA
7Y3TA_7Y3TB,7Y3TB
2KHAA_2RQEA,2RQEA
5VYCl1_6VPQE,6VPQE
5FLML_6XREL,6XREL
1AYIA_2K0DX,2K0DX
4M67A_7JXUA,7JXUA
1D3I2_1K5MB,1K5MB
6HDDA_6HDDA,6HDDA
7ZASA_7ZASA,7ZASA
1M6UA_1M6UA,1M6UA
3K8ZA_3K8ZC,3K8ZC
6G18u_6ZN5u,6ZN5u
1K25A_1RP5A,1RP5A
1PJQA_1PJQA,1PJQA
4RS8A_5K1YA,5K1YA
2Z07A_4WVAB,4WVAB
5GJQL_5VHFE,5VHFE
6ECIA_6ECIB,6ECIB
2ZW9A_2ZW9A,2ZW9A
4DK2A_4DK2A,4DK2A
3J79g_3J79g,3J79g
7XURB_7ZWCb,7ZWCb
5H32A_5JHLA,5JHLA
3J7Of_4D5Yf,4D5Yf
2K06A_2K06A,2K06A
5H1SX_5H1SX,5H1SX
3UL5A_3UL5B,3UL5B
5X6UE_5X6UE,5X6UE
3PHF2_7S07B,7S07B
2YLMA_2YLMA,2YLMA
2J7NA_2J7NA,2J7NA
5COTA_6VT3A,6VT3A
1R7MA_3OORA,3OORA
1C4ZD_6XXUA,6XXUA
4IR0A_4IR0A,4IR0A
3JCSO_3JCSO,3JCSO
8BENA_8BENA,8BENA
1EJBA_1EJBD,1EJBD
3ID5A_3ID5A,3ID5A
2DTDA_2DTDA,2DTDA
2LXLA_2LXLA,2LXLA
7NBZA_7NBZA,7NBZA
3C98B_3C98B,3C98B
1LL0A_1LL0H,1LL0H
6TEDV_6TEDV,6TEDV
3MUJA_3N50B,3N50B
2HLZA_2HQQA,2HQQA
7VKPA_7VVAA,7VVAA
2HG4A_2HG4A,2HG4A
4AC9A_4AC9B,4AC9B
5D18A_5D19B,5D19B
5DXZA_5DY0D,5DY0D
6GCSY_6GCSY,6GCSY
2DMLA_2DMLA,2DMLA
4NWVA_4NWVA,4NWVA
1T4GA_3ETLA,3ETLA
6TO4A_6TO4A,6TO4A
5AEZA_5AH3A,5AH3A
1JVBA_1NTOA,1NTOA
4CGRA_4CGRA,4CGRA
1PCPA_1PCPA,1PCPA
1DO0A_1G3IU,1G3IU
1G5JA_2M04A,2M04A
5UWAA_5UWAA,5UWAA
2KBXA_2KBXA,2KBXA
1CHLA_1CHLA,1CHLA
1CDQA_1ERGA,1ERGA
5FWLE_5FWME,5FWME
1A1RA_6FE6A,6FE6A
5HSLA_5HSMA,5HSMA
1YA5A_2A38A,2A38A
4I2WA_6QDMB,6QDMB
6W1SI_6W1SI,6W1SI
3EWEB_3EWED,3EWED
5O5JV_5O5JV,5O5JV
3ODUA_3ODUA,3ODUA
4V4NBE_4V4NBE,4V4NBE
1CDTA_1CREA,1CREA
2B1WA_2B1WA,2B1WA
1R42A_6M1DB,6M1DB
1BEIA_1C2UA,1C2UA
4JF4A_4JF5A,4JF5A
1BN6A_6TY7B,6TY7B
2IZ3A_2IZ3A,2IZ3A
3J16E_4V6IAZ,4V6IAZ
3CUEB_3CUEH,3CUEH
3D1NI_3D1NI,3D1NI
4D2JA_4TU1A,4TU1A
1B4JL_1N7MH,1N7MH
3ZEVA_7UL2R,7UL2R
2ZU6A_2ZU6C,2ZU6C
2VF7A_2VF7A,2VF7A
4WCEG_5NRGG,5NRGG
2VKWA_2VKWA,2VKWA
1IXCA_1IXCA,1IXCA
2RU8A_2RU8A,2RU8A
4TWKA_4TWKA,4TWKA
3J9WAK_6S13k,6S13k
2LGGA_2LGGA,2LGGA
2LZRA_2MN6A,2MN6A
5U1LA_5U2HB,5U2HB
2EA6A_2XEUA,2XEUA
2YKRJ_2YKRJ,2YKRJ
1FYCA_1FYCA,1FYCA
1W36D_1W36D,1W36D
1TOZA_1TOZA,1TOZA
1FFKU_4V9FX,4V9FX
1ZK9A_1ZK9A,1ZK9A
4RR2D_8D9DB,8D9DB
1GXIE_1GXIE,1GXIE
6GAWCL_7O9Kt1,7O9Kt1
6YS4A_6YS4A,6YS4A
8FBYA_8FBYA,8FBYA
5FJ8P_5FJ9P,5FJ9P
4HK5A_4HK6A,4HK6A
1CO0A_6ST7A,6ST7A
2EROA_2EROA,2EROA
3RFZB_3RFZB,3RFZB
6HIVCO_6HIVCO,6HIVCO
3J6X11_6KE6SM,6KE6SM
1VJVA_7QO68,7QO68
2A6AA_2A6AA,2A6AA
1F21A_1RCHA,1RCHA
1AL24_6Q0B4,6Q0B4
1ACXA_1HZKA,1HZKA
4FUQA_4FUQA,4FUQA
1A6YA_1HLZB,1HLZB
6WW2K_7XODW,7XODW
4CG4A_4CG4A,4CG4A
2KSGA_2KSGA,2KSGA
3U1NA_4BZBA,4BZBA
2I68A_7SFQA,7SFQA
7KJKA3_7KJKA3,7KJKA3
5TJTA_6OKBJ,6OKBJ
3J6X29_4V6IAN,4V6IAN
3APUA_3KQ0A,3KQ0A
5WRRA_5WRRA,5WRRA
3NV7A_3NV7A,3NV7A
1M72A_1M72A,1M72A
3JBHC_6SO3D,6SO3D
1RF4A_1RF4A,1RF4A
2WFKA_2WFKA,2WFKA
4EG0A_4EGQA,4EGQA
5J39A_5J39A,5J39A
2LJPA_2LJPA,2LJPA
2XLLA_3ABGA,3ABGA
1BUHB_1CKSA,1CKSA
6UKOA_6UKOA,6UKOA
6HXNA_6HXOB,6HXOB
3KB9A_3KBKA,3KBKA
2OYNA_2P3MA,2P3MA
5LJ5O_5LJ5O,5LJ5O
5FCLA_5FCLA,5FCLA
5WLCSM_6LQP5G,6LQP5G
4D10C_6R7IC,6R7IC
3P4LA_4BQ9B,4BQ9B
1N05A_1N05A,1N05A
6G9FA_6XV5B,6XV5B
1J5QA_6NCLf8,6NCLf8
7O4EA_7O4EA,7O4EA
6LEBA_6LEBA,6LEBA
1A23A_1A23A,1A23A
5FJ8I_7Z31I,7Z31I
5GPNAk_5GUPp,5GUPp
1SJXA_1SJXA,1SJXA
3LPNA_3LRTB,3LRTB
1N6UA_2KZ1B,2KZ1B
4YNYB_6AL0L,6AL0L
1RKLA_1RKLA,1RKLA
6LK8G_6LK8G,6LK8G
4UM8A_5FFGA,5FFGA
3JVUA_3JVUA,3JVUA
2DC2A_2DC2A,2DC2A
1A1MB_2X89G,2X89G
1AL7A_5ZBNC,5ZBNC
7AE1M_7AE1M,7AE1M
6UO8A_6UO8A,6UO8A
6F7JB_6F7PC,6F7PC
1ZLHB_2K2XA,2K2XA
5L76A_5L78A,5L78A
4S0VA_4ZJ8A,4ZJ8A
1F1HA_2GLSA,2GLSA
1T5DX_1T5DX,1T5DX
1CEAA_1CEAA,1CEAA
4C26A_4C26A,4C26A
5FIQA_5FIQA,5FIQA
1DSYA_5W4SA,5W4SA
3A4GA_3A50E,3A50E
1EMWA_1EMWA,1EMWA
6Y9UA_6Y9UB,6Y9UB
6IC4K_6IC4K,6IC4K
1BP2A_1PISA,1PISA
3KMPA_4ZL2C,4ZL2C
3J16H_4V4BBK,4V4BBK
1BIAA_1BIAA,1BIAA
3G3QA_3G3TA,3G3TA
3RJ1G_3RJ1U,3RJ1U
5GMKn_5GMKn,5GMKn
2YKRU_4V6YAU,4V6YAU
1NKWX_4V4GBZ,4V4GBZ
1O1UA_2MM3A,2MM3A
5Z561_7DVQ1,7DVQ1
1AF8A_1AF8A,1AF8A
6RLOI_6RLOJ,6RLOJ
3J7Or_4D5Yt,4D5Yt
7TNJA_7TNJB,7TNJB
6AHRF_6AHRF,6AHRF
7OOCT_7PIAT,7PIAT
1AIFB_1SBSH,1SBSH
5ME9A_5ME9B,5ME9B
2NRTA_2NRTA,2NRTA
5L35A_5L35G,5L35G
6JNFD_6JNFI,6JNFI
1W7BA_5LPUB,5LPUB
6XBDI_6XBDI,6XBDI
3PHLA_3PHLA,3PHLA
1U46A_4HZSA,4HZSA
4XE3A_4XE3A,4XE3A
1EQ7A_1KFNA,1KFNA
2YILA_2YIOA,2YIOA
3QKTA_3QKTC,3QKTC
3JCSL_3JCSL,3JCSL
3JC5C_6PTNC,6PTNC
3PFFA_3PFFA,3PFFA
1SKOB_1SZVA,1SZVA
1AI2A_1SJSA,1SJSA
3EK4A_3O78B,3O78B
1WSAA_5K3OA,5K3OA
1COSB_5KB0A,5KB0A
1F82A_2ETFA,2ETFA
1F2QA_1J87A,1J87A
1UIMA_1UIMA,1UIMA
2KRCA_2KRCA,2KRCA
2KG2A_2L4TA,2L4TA
4WJ0A_4WJ0A,4WJ0A
1OGAD_2VLMD,2VLMD
3J6X12_6WDRM,6WDRM
3FHIB_3IIAA,3IIAA
5KU7A_7RTSA,7RTSA
3J7OL_4D5YL,4D5YL
1J05A_1QFWL,1QFWL
3V64A_8S9PA,8S9PA
5B58T_5GJ0A,5GJ0A
2GLXA_2GLXA,2GLXA
5GPNj_5LDWL,5LDWL
1E3YA_1E3YA,1E3YA
3P45A_3P4UA,3P4UA
1QRND_4QOKD,4QOKD
5L3QA_6Y2ZA,6Y2ZA
5U04A_5U04A,5U04A
7W78B_7W78B,7W78B
1H6GA_1H6GA,1H6GA
5GNJA_5GNJE,5GNJE
1IRUK_6EPC4,6EPC4
8E16A_8E16B,8E16B
4RWFA_5V6YB,5V6YB
7OLCLE_8I9PLE,8I9PLE
4AIHA_4AIHD,4AIHD
2ONIA_2XBBA,2XBBA
6KMHC_6KMHC,6KMHC
6CNBP_6EU0P,6EU0P
4V61AB_4V61AB,4V61AB
6VBU4_6XT9D,6XT9D
2FTXB_2FV4B,2FV4B
3X1OA_4QI2D,4QI2D
1V5WA_4HYYC,4HYYC
5LI0o_6S13o,6S13o
1DPTA_7MRVA,7MRVA
4JR9A_4U4TA,4U4TA
2FWUA_2KLSA,2KLSA
7K98A_7K98A,7K98A
1FYWA_1O77B,1O77B
1SJRA_2ADBA,2ADBA
5M28A_5M28A,5M28A
1RC2A_1RC2A,1RC2A
1FFKC_4V4PAF,4V4PAF
3ODOA_3ODOA,3ODOA
1YY8A_1YY8A,1YY8A
7ZNUA_7ZNUA,7ZNUA
6HKWA_6HKWD,6HKWD
4BW5A_4BW5A,4BW5A
1LCYA_1LCYA,1LCYA
3J6X54_4V6IBN,4V6IBN
3J7Oa_4V5ZBl,4V5ZBl
1AK4A_2MS4A,2MS4A
1JASA_2Y4WA,2Y4WA
1KPPA_1KPPA,1KPPA
1HO8A_5BW9H,5BW9H
7Z4BDR_7Z4BDR,7Z4BDR
6LKVA_6LKWB,6LKWB
2PZ8A_2PZ8A,2PZ8A
2ZOTA_2ZOTA,2ZOTA
6TJGA_6TJGA,6TJGA
4DDQA_4DDQB,4DDQB
1IBAA_1IBAA,1IBAA
101MA_104MA,104MA
1TF7A_5JWQA,5JWQA
2XZBB_2YN9B,2YN9B
3TMMA_6ERQC,6ERQC
6X6SAD_6X6SAE,6X6SAE
3PL6C_4GRLC,4GRLC
7CSOA_7CSPA,7CSPA
7PDSA_7PDSF,7PDSF
1NT9D_7MEId,7MEId
3JC5c_6PTNH,6PTNH
6HU9J_8E7Sd,8E7Sd
3RY3A_3RY3A,3RY3A
1HPWA_1HPWA,1HPWA
1IO2A_1X1PA,1X1PA
2O01B_2O01B,2O01B
4N5XA_4N5XA,4N5XA
1E2BA_1E2BA,1E2BA
5T4OL_5T4OL,5T4OL
1DQEA_1DQEA,1DQEA
6F1Tg_6F1Tp,6F1Tp
3M99A_4FIPA,4FIPA
5I6XA_7LI6A,7LI6A
3J7PSQ_4V5ZAi,4V5ZAi
1YGYA_1YGYA,1YGYA
1XDFA_1XDFA,1XDFA
2WFF1_2WFF1,2WFF1
6R4EA_6R4EA,6R4EA
5FLZA_5FM1A,5FM1A
1KU3A_3N97A,3N97A
5XJCI_5Z56I,5Z56I
1M8QC_5H53C,5H53C
6Q1F6_6Q1F7,6Q1F7
2NDFA_7E7CA,7E7CA
3CTOB_3CTOC,3CTOC
6GCSD_6RFSD,6RFSD
3VEPA_3VEPA,3VEPA
7N5DA_7N5DA,7N5DA
2GP3A_7JM5A,7JM5A
1SNTA_2F24A,2F24A
2JR0A_2JR0A,2JR0A
3HH2A_3HH2A,3HH2A
8AS8A_8AS8A,8AS8A
3TTLA_3TTLA,3TTLA
8GV8A_8GV8A,8GV8A
1S4UX_4BUJC,4BUJC
3JCTW_4V7Fn,4V7Fn
6CJQA_6VY0A,6VY0A
5OE8A_5OE8C,5OE8C
3J7Yd_3J7Yd,3J7Yd
1JZAA_1VNAA,1VNAA
1FVCC_6OT0L,6OT0L
1VPZA_1Y00A,1Y00A
1H4OA_1OC3C,1OC3C
1ZV1A_2JZ1A,2JZ1A
1A0OB_1EAYC,1EAYC
3KHDA_3KHDA,3KHDA
4ZZHA_4ZZHA,4ZZHA
2D4QA_3PEGA,3PEGA
1CTAA_1CTDA,1CTDA
1JXAA_3OOJA,3OOJA
6TT7S_6ZNAAg,6ZNAAg
4CTIA_4KP4A,4KP4A
1AOIB_4EO5C,4EO5C
2KAXA_2KAXA,2KAXA
1CA1A_1CA1A,1CA1A
4TOYH_6CH7D,6CH7D
3UKMA_3UKMB,3UKMB
2P5QA_2P5QA,2P5QA
6M01A_6M01A,6M01A
3QIBC_6MSSA,6MSSA
3J7PSF_6OM0SF,6OM0SF
1WQFA_4KB2A,4KB2A
5LJXA_5LJXA,5LJXA
7X0GA_7X0GA,7X0GA
1CK2A_1NMUB,1NMUB
7P5HB_7P8NB,7P8NB
3UNPA_4DXRA,4DXRA
6YALj_6YBWq,6YBWq
2DVVA_2E7NA,2E7NA
1YEWB_1YEWF,1YEWF
4OF0A_4OF3B,4OF3B
5GPNg_5LNKA,5LNKA
1WOJA_2ILXA,2ILXA
2FX0A_2JJ7A,2JJ7A
5GUPo_5LNKp,5LNKp
5GXJA_5TFNA,5TFNA
2K2RA_4EDMA,4EDMA
2J6GA_2J6GA,2J6GA
6EU0Z_6EU0Z,6EU0Z
4P16A_4PT5A,4PT5A
4CFGA_4CFGA,4CFGA
3JCAA_3JCAB,3JCAB
1Y8QB_1Y8RE,1Y8RE
1JHFA_1JHFA,1JHFA
2HZMB_2HZSB,2HZSB
1S3RA_1S3RA,1S3RA
4C84A_4C84A,4C84A
2WPQA_2WPQA,2WPQA
5NGMAV_6S13V,6S13V
2YDXA_2YDXA,2YDXA
2LSGA_2LSGA,2LSGA
1I39A_1I39A,1I39A
2IC8A_2NRFA,2NRFA
2RAIA_3DYTA,3DYTA
7FJ11_7FJ1k,7FJ1k
6NEGA_6NEGA,6NEGA
7N58A_7N58B,7N58B
3B4SA_3B4SA,3B4SA
3RYLA_4M63A,4M63A
6KR1A_6KR1B,6KR1B
3VOKA_3VOKA,3VOKA
4R1LA_4R1LC,4R1LC
6B8HO_6B8Ho,6B8Ho
7OOCE_7PASE,7PASE
3HXUA_3HXVA,3HXVA
6MCWA_6MI0A,6MI0A
7EMFD_7NVRh,7NVRh
4UMOA_4UMOA,4UMOA
2Y5WA_2Y5WB,2Y5WB
4JDMA_4JDMD,4JDMD
2AR7A_2AR7A,2AR7A
2ZX0A_2ZX0A,2ZX0A
2YQDA_2YQDA,2YQDA
6GEJT_6GEJV,6GEJV
6XTX6_7W68E,7W68E
1DLFH_3IY5B,3IY5B
2HLDD_2HLDF,2HLDF
1A00A_1BIJA,1BIJA
6T3HA_6T46G,6T46G
5YGEA_5YGEA,5YGEA
1MMPA_2DDYA,2DDYA
1A6TB_2PCPD,2PCPD
5ARAT_5ARHT,5ARHT
3IKOC_3IKOC,3IKOC
4V7RAS_4V7RCS,4V7RCS
5TJ5D_5VOYS,5VOYS
5L75F_6MHZF,6MHZF
5LZSb_6OLZAb,6OLZAb
2JA2A_2JA2A,2JA2A
1K2FA_4C9ZA,4C9ZA
1LCKA_1LCKA,1LCKA
1AONO_7VWXT,7VWXT
3VR2D_5ZE9E,5ZE9E
5WLCLM_5WYKAE,5WYKAE
1OE9A_1W7JA,1W7JA
4O01A_4O01B,4O01B
3PN1A_3UQ8A,3UQ8A
4LSUL_4YDJB,4YDJB
3OZIA_3OZIA,3OZIA
2PEOA_7XSD1,7XSD1
6L47A_6L48A,6L48A
3J9WAD_6S13d,6S13d
5DVYA_5E31A,5E31A
1BFPA_6MWQG,6MWQG
2WW9N_2WW9N,2WW9N
3RFJA_4UIPB,4UIPB
5WLCSY_6KE65D,6KE65D
1M7VA_2AMOB,2AMOB
3J9WAJ_6S13j,6S13j
1BZQK_4POYA,4POYA
7AD3A_7AD3B,7AD3B
2HYEC_7OKQC,7OKQC
5GARO_5Y60U,5Y60U
1B7FA_1B7FA,1B7FA
5CXVA_6OL9A,6OL9A
2L4NA_2L4NA,2L4NA
1SB6A_1SB6A,1SB6A
2PD7A_3D72A,3D72A
2WITA_4LLHB,4LLHB
5JJVA_5JK0A,5JK0A
5GJQU_6EPEU,6EPEU
4MO1A_7UBLA,7UBLA
6NR84_7WU74,7WU74
1KNXA_1KNXB,1KNXB
1B8MB_1B8MB,1B8MB
5N5XA_5N5XA,5N5XA
1HF8A_3ZYKA,3ZYKA
5NV6A_5NV6A,5NV6A
4WSBB_5M3HB,5M3HB
2MQNA_2MQNA,2MQNA
5KGLA_7TL7A,7TL7A
7SHQA_7SHQA,7SHQA
3JBWA_6DBIC,6DBIC
1W5SA_1W5TC,1W5TC
3K12A_3K12A,3K12A
5YIJA_5YIJA,5YIJA
1E94A_1G3IL,1G3IL
4MWFC_4MWFC,4MWFC
1DIKA_1GGOA,1GGOA
6WW7C_6Z3WC,6Z3WC
1D8CA_1Y8BA,1Y8BA
5FURJ_5FURJ,5FURJ
2JESA_2JESE,2JESE
1EFUB_4PC2C,4PC2C
4YPLA_4YPLB,4YPLB
1OVNA_2C1YA,2C1YA
4CBZA_4CC0A,4CC0A
7ZGTA_7ZGTA,7ZGTA
3FMAA_3FMAA,3FMAA
4P0IA_4P0IA,4P0IA
4ROUA_4ROUA,4ROUA
3P2DA_6K3FA,6K3FA
4K1OA_6DUWA,6DUWA
6OKSA_6OKSA,6OKSA
2MQJA_5ZEWA,5ZEWA
2KW2A_3LMOA,3LMOA
5T3RD_5T3RD,5T3RD
4O8WA_4O8WA,4O8WA
3J81k_6QG5N,6QG5N
1UKVY_3CUEF,3CUEF
6IFDA_6IFDA,6IFDA
4LXJA_5JLCA,5JLCA
1DD7A_1M9TB,1M9TB
7OZ4A_7OZ4B,7OZ4B
1OSHA_4OIVA,4OIVA
1P97A_1P97A,1P97A
4V4NBQ_4V4NBQ,4V4NBQ
1ZRLA_1ZRLA,1ZRLA
2JVBA_2JVBA,2JVBA
1XCGA_3KZ1A,3KZ1A
1B34B_7QTTl,7QTTl
2F9QA_2F9QA,2F9QA
8DP8A_8DP8A,8DP8A
6MCPA_6MCQC,6MCQC
6Z0LA_6Z0LD,6Z0LD
4V81B_4V81J,4V81J
1RJ7A_1RJ8A,1RJ8A
3J7PSZ_5LKSSZ,5LKSSZ
2CARA_2CARA,2CARA
5GRNA_6JOIA,6JOIA
1P7BA_2WLLA,2WLLA
2VKJA_2VKJA,2VKJA
3LJ5A_5JJ1F,5JJ1F
2K6HA_2K6HA,2K6HA
1AEYA_1M8MA,1M8MA
3J3VD_3J3VD,3J3VD
3J6X25_4V6IAV,4V6IAV
7OODt_7PASt,7PASt
3PIKA_3PIKA,3PIKA
5A1SA_5A1SA,5A1SA
1Z15A_1Z15A,1Z15A
2XEQA_2XERC,2XERC
1EVJA_1H6AA,1H6AA
6SZUC_6T0NC,6T0NC
2RD0B_2RD0B,2RD0B
6LGWE_6LGWE,6LGWE
1ILKA_1J7VL,1J7VL
2R83A_2R83A,2R83A
1N25A_1N25A,1N25A
7DAHA_7DAHA,7DAHA
1AJWA_1AJWA,1AJWA
6WV8A_6WV8A,6WV8A
1FHAA_6IPCE,6IPCE
2LFRA_3ZCCA,3ZCCA
4XAQA_4XAQA,4XAQA
6YNYA1_6YNYA2,6YNYA2
3JCKA_3JCKA,3JCKA
1B3JA_1B3JA,1B3JA
6L0VA_6L0VA,6L0VA
5YSBA_5YSBA,5YSBA
4FQNA_4FQNC,4FQNC
2L05A_5J18A,5J18A
6CRJA_6CRJA,6CRJA
1T6CA_1T6DB,1T6DB
1C1YA_3BRWD,3BRWD
1FJMA_6OBNA,6OBNA
5Z56p_5Z57p,5Z57p
4WCEI_5HL7I,5HL7I
4XGCB_4XGCB,4XGCB
7JVBC_7MEJA,7MEJA
2MB9A_2MB9A,2MB9A
1AIGH_2RCRH,2RCRH
6GIQa_6GIQa,6GIQa
1EVHA_5NCGB,5NCGB
6YFK0_6YFK0,6YFK0
7C80C_7C80C,7C80C
6YJJA_6YJJA,6YJJA
3J6XL7_4V6IBe,4V6IBe
1XA1A_6O9WB,6O9WB
5X6VE_8DHBC,8DHBC
1IFMA_2KLVA,2KLVA
4BQDA_4BQDA,4BQDA
4UAEA_6BVZA,6BVZA
6XG8A_6XG8A,6XG8A
6Z49A_6Z49B,6Z49B
6B8LA_6B8ME,6B8ME
1Q5VA_2HZVE,2HZVE
3O7HA_3O7HA,3O7HA
1CM8A_6UNAA,6UNAA
6AZYA_6AZYA,6AZYA
3HUEA_3HUFA,3HUFA
7LVZA_7REIA,7REIA
2REGA_2REJA,2REJA
5C59A_5C59A,5C59A
6GWNC_6GWNC,6GWNC
1YSYA_1YSYA,1YSYA
2HQTA_2HQTM,2HQTM
1XKIA_1XKIA,1XKIA
4WWRB_4WWRH,4WWRH
6VBU1_6VBU1,6VBU1
2KCDA_5AYRB,5AYRB
1OCCG_1OCCG,1OCCG
2EH7L_5DRXB,5DRXB
4ZGWA_4ZGWB,4ZGWB
3P0HA_5USFB,5USFB
1AL23_5KU03,5KU03
6CHSD_6CHSE,6CHSE
6KN7U_7KONU,7KONU
3J6X56_4V6IBK,4V6IBK
1NKWJ_2ZJPI,2ZJPI
1NE8A_4ME7C,4ME7C
6ER7A_6EXRB,6EXRB
6AJMC_6AJME,6AJME
1GPXA_1GPXA,1GPXA
2FUG6_2FUGF,2FUGF
6DJUA_6DJVE,6DJVE
3J6XL2_4V6IBB,4V6IBB
1M6NA_2IBMA,2IBMA
2QK7A_2QK7A,2QK7A
4PIRA_6W1JA,6W1JA
6SPCc_6SPCc,6SPCc
2J28N_4V65BG,4V65BG
6KXSA_7YSGA,7YSGA
1BHO1_1N9ZA,1N9ZA
1JN1A_1JN1A,1JN1A
3IYDA_5W1TA,5W1TA
5FI9A_5FI9A,5FI9A
1AA7A_4PUSB,4PUSB
1CLYH_6N5DE,6N5DE
3O96A_7APJA,7APJA
2YKRN_2YKRN,2YKRN
1LV2A_1LV2A,1LV2A
7A91A_7WH8C,7WH8C
1CZ7A_1N6MA,1N6MA
5GNRA_5GO4A,5GO4A
1MJ0A_6H47B,6H47B
1QKRA_6UPWL,6UPWL
2F9DA_2F9DA,2F9DA
3BIKA_5IUSC,5IUSC
1AKDA_2LQDA,2LQDA
1BNKA_7XFMK,7XFMK
1A45A_1M8UA,1M8UA
1QKIA_6VA0A,6VA0A
1IZLA_1IZLA,1IZLA
3J6X28_4V6IAY,4V6IAY
7SD0A_7TVGD,7TVGD
3J0LF_4V4BBZ,4V4BBZ
1AD0B_2QSCH,2QSCH
3J9MAG_6NEQI,6NEQI
4MQEA_4MQFA,4MQFA
1AUEA_2GAQA,2GAQA
2XEXA_2XEXA,2XEXA
1F6FB_3EW3C,3EW3C
3BTXA_4MG2A,4MG2A
6HIVDL_6HIVDL,6HIVDL
3B7OA_3B7OA,3B7OA
4AM6A_8A5AU,8A5AU
8DB6A_8DB7A,8DB7A
6J9WA_6J9YA,6J9YA
1NKWO_4V4GBR,4V4GBR
1MQBA_6FNHA,6FNHA
4ZDAA_4ZDAA,4ZDAA
1X0LA_3AH3A,3AH3A
1IHIA_5HNUC,5HNUC
6JGFA_6JGVA,6JGVA
7MVTB_7MVTB,7MVTB
1BPOA_1BPOA,1BPOA
3L9QA_3L9QA,3L9QA
7VHPE_7WI3j,7WI3j
2ARSA_2C7IA,2C7IA
6CW5A_6XK2A,6XK2A
2R7EB_2R7EB,2R7EB
1HICA_2JOOA,2JOOA
6YVUC_6YVUC,6YVUC
1NYSB_5HLZF,5HLZF
4KM6A_4KM6A,4KM6A
2QLDA_3AGZB,3AGZB
3U59A_7UTLh,7UTLh
2M94A_2M94A,2M94A
4ZOWA_6GV1A,6GV1A
4NJ4A_4NROA,4NROA
1PZ7A_1Q56A,1Q56A
1TYOA_1XKDB,1XKDB
3ZPNA_3ZPNA,3ZPNA
5XTIBS_6G2Ja,6G2Ja
2J28L_4V4WBJ,4V4WBJ
4HBCH_5DTFA,5DTFA
2WZPP_2WZPP,2WZPP
7T9IR_7T9IR,7T9IR
1GOKA_7K4YA,7K4YA
6LZGB_7D2ZB,7D2ZB
1T8CA_1T8CA,1T8CA
3QWDA_3QWDA,3QWDA
1FC5A_1FC5B,1FC5B
1R3EA_1R3EA,1R3EA
1BCCF_5J4ZAF,5J4ZAF
1A2QA_7AM6C,7AM6C
3N9LA_3N9MA,3N9MA
7OB9N_7VBAN,7VBAN
6AHRG_6AHRG,6AHRG
2XAUA_5Y88W,5Y88W
4O8LA_4O8LA,4O8LA
1R7AA_1R7AA,1R7AA
3RRRA_3RRRA,3RRRA
1CQ3A_2FINA,2FINA
5UJME_5UJME,5UJME
1GDTA_1GDTA,1GDTA
2QAGB_2QAGB,2QAGB
1AF3A_1LXLA,1LXLA
3R9MA_3R9MA,3R9MA
1NKWN_2ZJPM,2ZJPM
1WP0A_2GT5A,2GT5A
6ADQC_6HWHi,6HWHi
1DKFB_1DKFB,1DKFB
2E5YA_2E5YA,2E5YA
1N99A_8BLVA,8BLVA
6ANUa_6ANUb,6ANUb
2PJHB_2PJHB,2PJHB
1A1QA_1BT7A,1BT7A
1IRLA_1IRLA,1IRLA
1IXRA_1IXRA,1IXRA
8IAH5_8IAH7,8IAH7
5MSKA_7DRWc,7DRWc
6HIVAR_6YXXAR,6YXXAR
3PFYA_3PFYA,3PFYA
2HDVA_5W3RA,5W3RA
7A6HD_7ASTI,7ASTI
2PZEA_6GJUA,6GJUA
3DBAA_3DBAB,3DBAB
1DFAA_1DFAA,1DFAA
6ZM58_6ZM58,6ZM58
1XIOA_1XIOA,1XIOA
3J792_3J792,3J792
3GXAA_6CVAA,6CVAA
3TX4A_7KEMB,7KEMB
6Z1DA_6Z1EB,6Z1EB
12E8H_2R29H,2R29H
5ELLA_5ELLA,5ELLA
1AV1A_2A01B,2A01B
2FOLA_3JZAA,3JZAA
1EX4A_5U1CB,5U1CB
5B52A_5B52A,5B52A
5E7QA_5E7QB,5E7QB
2AFJA_2AFJA,2AFJA
2QZ9A_2R00A,2R00A
7KZPG_7KZPG,7KZPG
3OICA_3OICA,3OICA
2O014_2O014,2O014
3MWDA_3MWDA,3MWDA
2WJGA_2WJIA,2WJIA
7R8FA_7R8FA,7R8FA
5GMKb_5LJ3W,5LJ3W
3DQGA_3DQGD,3DQGD
1JB1A_2QMHE,2QMHE
1A2XA_1A2XA,1A2XA
2MQEA_4ERHA,4ERHA
1OA8A_1OA8B,1OA8B
8GQZA_8GR9A,8GR9A
6QN7A_6QN7A,6QN7A
7OCNA_7OCQA,7OCQA
1N9RA_1N9SC,1N9SC
2GD5A_7ZCGA,7ZCGA
5D6JA_5D6JA,5D6JA
2XG8D_2XG8D,2XG8D
3JA85_5V8F5,5V8F5
5WLCNA_6KE65E,6KE65E
1I01A_1I01B,1I01B
5HS7A_5HS8A,5HS8A
5QGGA_5QGPA,5QGPA
4COIA_4COMA,4COMA
4UI9D_6Q6GD,6Q6GD
6VQ6M_7KHRO,7KHRO
7PWFK_7PWFK,7PWFK
1T3EA_1T3EA,1T3EA
2N2LA_5VJ8A,5VJ8A
1MK3A_2Y6WA,2Y6WA
3V9GA_4OE5B,4OE5B
5DNOA_5EIMB,5EIMB
5C9SB_6LQURD,6LQURD
5GJQP_6EPDP,6EPDP
4V3PLc_4V3PLc,4V3PLc
6VFQA_6VFQA,6VFQA
1YZBA_2AGAA,2AGAA
1IRUE_5T0JK,5T0JK
1AOFA_1AOFB,1AOFB
1D9YA_1D9YA,1D9YA
3R6SA_4BYYA,4BYYA
1GQOA_1GQOP,1GQOP
3OKTA_3OKTA,3OKTA
2V7YA_2V7YA,2V7YA
1HK9A_7OGMI,7OGMI
2O01D_2O01D,2O01D
1CQXA_1CQXB,1CQXB
4DAGA_7LZEA,7LZEA
4XT1A_4XT1A,4XT1A
1EZVX_6DJPC,6DJPC
1TXDA_1TXDA,1TXDA
2XLIA_6B47L,6B47L
1E3SA_1SO8A,1SO8A
4QQ4A_6O5WA,6O5WA
1HQVA_2ZRTA,2ZRTA
1DVKA_1DVKA,1DVKA
3JYCA_3JYCA,3JYCA
1Z77A_1ZKGA,1ZKGA
1AFVL_2XQYK,2XQYK
4MLMA_4MLMA,4MLMA
1XEZA_1XEZA,1XEZA
1EH1A_3J0DJ,3J0DJ
1O5TA_5UJIA,5UJIA
3WLEA_3WLEA,3WLEA
4HHUA_4HHUA,4HHUA
4N4RB_4NHRA,4NHRA
7OKO3_7OKO8,7OKO8
1F0YA_1F0YA,1F0YA
6NBNA_6NBNA,6NBNA
6ZNPA_6ZNPA,6ZNPA
6Y5FB_6Y5FB,6Y5FB
5HGZA_5HGZA,5HGZA
102LA_1OYUA,1OYUA
2F9DP_2F9DP,2F9DP
2C82A_2Y1CB,2Y1CB
1FNTC_4CR3C,4CR3C
5I4MA_5I4MA,5I4MA
5JWGA_5JXKA,5JXKA
5BOXA_5BOXA,5BOXA
1KSGB_1KSGB,1KSGB
6KG8A_6KG8A,6KG8A
1ZUHA_3MRSA,3MRSA
2ZI0A_2ZI0A,2ZI0A
7P7IA_7P7IA,7P7IA
2H3RA_2H3RA,2H3RA
6XTX4_7W68C,7W68C
1A0QL_1EAPA,1EAPA
4P31A_4QC2A,4QC2A
5Z56w_5Z56w,5Z56w
2EH7H_2EH8H,2EH8H
3T6NA_3T6NA,3T6NA
5O5JI_5V93i,5V93i
3L5WB_3L5WB,3L5WB
5HAAA_5HABA,5HABA
1AJAA_5JTLE,5JTLE
3J6X73_4V6IBj,4V6IBj
3K2MC_3K2MD,3K2MD
3J6X67_5FL8Z,5FL8Z
6IC8A_6Q5YA,6Q5YA
1ROCA_7UNKD,7UNKD
4UISA_4UISA,4UISA
3J6X83_4V6IBm,4V6IBm
4ZJNA_4ZJNB,4ZJNB
1FCHA_2C0MA,2C0MA
1FTSA_2XXAD,2XXAD
2GERA_6LHMD,6LHMD
5XS4C_5XS5C,5XS5C
7OMNA_7OMNA,7OMNA
3KP2A_3KP2B,3KP2B
3J7Oo_4V5ZB4,4V5ZB4
4JC8A_8DITA,8DITA
3ME2R_3ME2R,3ME2R
1H2VZ_1H6KZ,1H6KZ
2CFAA_2CFAA,2CFAA
4XYLB_4XYMB,4XYMB
4DWSA_4DWSA,4DWSA
1M6BA_4P59A,4P59A
1IFYA_1IFYA,1IFYA
6P8RA_6P8RA,6P8RA
7KZPP_7KZPQ,7KZPQ
5ZWUA_5ZWUA,5ZWUA
2BKHA_2X51A,2X51A
3K1KC_7V0VA,7V0VA
7SFSL_7SFSQ,7SFSQ
5WP6A_6BQRA,6BQRA
1JIHA_2XGPA,2XGPA
3H0TB_3ULSB,3ULSB
3MHYA_4CNZE,4CNZE
6NLYA_6NLYC,6NLYC
6HIVCK_6HIVCK,6HIVCK
1MVGA_1ZRYA,1ZRYA
3UTPE_8GOME,8GOME
1SDMA_1SDMA,1SDMA
6R3ZA_6R3ZA,6R3ZA
5OQLu_5OQLu,5OQLu
6HIVAl_6HIVAl,6HIVAl
2DLSA_2DLSA,2DLSA
4DHIB_4DHIB,4DHIB
1BEGA_1BEGA,1BEGA
1OS6A_1OS6A,1OS6A
6YW544_6YW544,6YW544
2J281_2J281,2J281
3WEEB_3WEEB,3WEEB
1B24A_5O6GA,5O6GA
5AZ4A_5AZ4A,5AZ4A
1AVSA_1BLQA,1BLQA
7MBPA_7MBQA,7MBQA
4L4WA_5SXLA,5SXLA
3JCOH_5WVKH,5WVKH
4XGCA_4XGCA,4XGCA
1S04A_1S04A,1S04A
1FZRA_1M0DA,1M0DA
5GMKa_5GMKa,5GMKa
3B1VA_3B1WA,3B1WA
2Q2RA_2Q2RA,2Q2RA
2ZOVA_2ZOVA,2ZOVA
4Q1GA_4Q1GA,4Q1GA
3J7PSa_4D5La,4D5La
6W1SF_7LBMu,7LBMu
5ZBGA_6D7LA,6D7LA
3PM0A_3PM0A,3PM0A
1BGCA_1GNCA,1GNCA
4PE5B_5IPQB,5IPQB
4WSBC_4WSBC,4WSBC
4MJ0A_5FUA4,5FUA4
6NU2z_6NU2z,6NU2z
4J80A_4J80D,4J80D
1KNBA_4ATZA,4ATZA
2J28R_2J28R,2J28R
2NDHA_2NDHA,2NDHA
2XU9A_2XU9A,2XU9A
7OODk_7PIAk,7PIAk
5ODCA_5ODHA,5ODHA
1T5BA_4ESEA,4ESEA
6JNFA_6JNFF,6JNFF
2WR0A_2WRFH,2WRFH
2MYJA_2MYJA,2MYJA
5K6UA_5K6ZB,5K6ZB
3JB5A_3JB5G,3JB5G
1BIIA_1DDHA,1DDHA
3X2EA_5TOVA,5TOVA
1LSUA_6S7RO,6S7RO
1X1RA_3KKPA,3KKPA
5CZ1A_5CZ1C,5CZ1C
6LARB_6LARC,6LARC
3ZZIA_3ZZIA,3ZZIA
3T91A_3T91A,3T91A
3M5GA_3M5JE,3M5JE
1H5OA_1H5OA,1H5OA
4B6CA_4B6CA,4B6CA
3J6XS3_4BSZA,4BSZA
5O8YA_5O8YC,5O8YC
3RRRB_3RRRB,3RRRB
7LMKA_7LMKA,7LMKA
1ANTI_2ZNHA,2ZNHA
7SJ5A_7SJ5A,7SJ5A
6KE6A8_6LQRA8,6LQRA8
5NL2A_5NL2B,5NL2B
6HIVCp_6HIVCp,6HIVCp
5UTOA_5UTOA,5UTOA
7S00D_7S00F,7S00F
5MYJBU_5MYJBU,5MYJBU
1K0MA_1RK4A,1RK4A
2BG9A_4AQ5A,4AQ5A
7TSZC_7TSZC,7TSZC
5JYGA_5LJWA,5LJWA
3B9PA_6P07F,6P07F
2M63A_2M63A,2M63A
3HMKA_3L6RA,3L6RA
3J9MAI_3JD5K,3JD5K
6NR82_6NRB2,6NRB2
1KV3A_3S3JA,3S3JA
6ADQA_6ADQM,6ADQM
6F1Ta_6F38c,6F38c
1KL9A_6K72L,6K72L
1H4RA_3U8ZA,3U8ZA
1HS5A_1HS5B,1HS5B
4TMBA_4TMBA,4TMBA
4G6AD_6BZUF,6BZUF
1DS6A_2RMKA,2RMKA
2DCJA_2DCJA,2DCJA
1IRYA_1IRYA,1IRYA
1ECBA_1ECBC,1ECBC
6GEFA_6GEFA,6GEFA
5I2TA_6LQSB1,6LQSB1
4G84A_4G85A,4G85A
7D8RA_7D8RC,7D8RC
1FFKO_1JJ2Q,1JJ2Q
5UM8G_7LU9e,7LU9e
1JQJC_1JQJC,1JQJC
2EIZA_7LO6K,7LO6K
1YWHA_1YWHM,1YWHM
3WOIA_3WOIA,3WOIA
8GIUA_8GIUA,8GIUA
4I1MA_4I1MA,4I1MA
7S00C_7S00C,7S00C
7F4LA_7YI8D,7YI8D
5TSAA_5TSAA,5TSAA
1EWWA_1EWWA,1EWWA
2L3TA_2L3TA,2L3TA
1BMFD_1BMFD,1BMFD
5TCRA_5TCRB,5TCRB
1BY8A_5Z5OA,5Z5OA
2KZ8A_2KZ8A,2KZ8A
4PIMA_4PIPA,4PIPA
4V2YA_5AMKD,5AMKD
6GCSG_6GCSG,6GCSG
2G35A_2MWNB,2MWNB
4JJXA_4JLYF,4JLYF
6IQWE_6IQWE,6IQWE
6FUFB_6FUFB,6FUFB
5HE8A_5HE9A,5HE9A
5FHKA_5FHKF,5FHKF
1AXJA_1AXJA,1AXJA
2GDTA_2HSXA,2HSXA
1BDHA_1BDIA,1BDIA
7PEQAH_7PEQBH,7PEQBH
7LQ2A_7LQ4D,7LQ4D
8ARAB_8ARAD,8ARAD
1HO5A_1HO5A,1HO5A
2CNYA_2CO3A,2CO3A
3J7Z5_3J9ZLD,3J9ZLD
6M71A_6NUSA,6NUSA
2GQEA_2K0CA,2K0CA
6TT7Q_7AJFA8,7AJFA8
5O6AD_5O6AD,5O6AD
1EP7A_1TOFA,1TOFA
4LXCA_5NMYA,5NMYA
4IMKC_6WYRL,6WYRL
1GE8A_5DA7A,5DA7A
1CICD_1NC4D,1NC4D
2BJBA_2BJBA,2BJBA
1AO7E_2AK4P,2AK4P
4U7NA_4U7OA,4U7OA
2JWSA_2JWSA,2JWSA
2A07F_2A07F,2A07F
1DHSA_6PGRA,6PGRA
3PP0A_3RCDA,3RCDA
3WR7A_3WR7A,3WR7A
4CHVA_4CHVB,4CHVB
1ABNA_1XGDA,1XGDA
5KK2A_6QKCA,6QKCA
6HUMI_6NBQI,6NBQI
4V4NAd_4V4NAd,4V4NAd
1SXJD_7STED,7STED
2M7YA_2MMKA,2MMKA
5CTDC_5CVAF,5CVAF
3PW3A_3PW3A,3PW3A
1RYAA_1RYAB,1RYAB
6KCOA_6KCOA,6KCOA
2B7AA_3UGCA,3UGCA
1DXRH_7Q7PB,7Q7PB
3R06A_3R06A,3R06A
4KPTA_4LA9A,4LA9A
5W3TA_5W3TB,5W3TB
5NAAA_5NAAA,5NAAA
2WV6D_2WV6G,2WV6G
3J3VO_3J3VO,3J3VO
6LMLC_7XMRC,7XMRC
4YV4A_4YV4A,4YV4A
2MT5A_2MT5A,2MT5A
4XVWA_4XVWQ,4XVWQ
4HZHB_5EDKA,5EDKA
1I4EB_2K7ZA,2K7ZA
1QQVA_1QQVA,1QQVA
4PJ11_4PJ12,4PJ12
6VLIA_6VLIA,6VLIA
6QELG_6QELG,6QELG
6E3YR_6UUNR,6UUNR
3J9ZSF_4V6KBJ,4V6KBJ
2AF5A_2AF5A,2AF5A
4BFMA_5MAIA,5MAIA
1BU7A_6H1LB,6H1LB
1J7NA_6WJJI,6WJJI
1XEQA_1XEQA,1XEQA
5E84A_5E84B,5E84B
6HIVCF_6HIVCF,6HIVCF
2VA0A_2VA0B,2VA0B
5YH5A_5YH5A,5YH5A
6EBOA_7MMQD,7MMQD
1P9PA_4MCBA,4MCBA
6FIAA_6FIAF,6FIAF
1XT9A_1XT9A,1XT9A
1UYJA_1UYJA,1UYJA
1Y3NA_1Y3NA,1Y3NA
6UJ5A_6UJ5A,6UJ5A
1VVJRQ_1WKIA,1WKIA
1F1JA_1GQFA,1GQFA
6WU5A_6WU5A,6WU5A
1BJ1V_1MKKA,1MKKA
1JSPB_1JSPB,1JSPB
5IAUA_5IAUC,5IAUC
5B02B_5B02B,5B02B
3J6X16_4V6IAI,4V6IAI
4Q8HA_4XR7A,4XR7A
7OVBE_7OVBE,7OVBE
1D3BB_4WZJB,4WZJB
5O5JS_7MT3s,7MT3s
1A02J_1A02J,1A02J
3C0BA_3CETA,3CETA
6I20A_6I20C,6I20C
6IJJ5_8H2U5,8H2U5
3QF3A_3QF3E,3QF3E
3J7OC_4D5YC,4D5YC
5KINA_5KINA,5KINA
3SBOA_3SBOB,3SBOB
1MW4A_1MW4A,1MW4A
3CYPB_3CYPC,3CYPC
2PEIA_2PEQA,2PEQA
1OJ6A_4MPMA,4MPMA
4AIZA_7MXPJ,7MXPJ
6XPDA_6XPDA,6XPDA
6YSFC_6YSFD,6YSFD
1ACMB_2ATCB,2ATCB
1EGJH_2DDQH,2DDQH
1B07A_1M30A,1M30A
1HX1B_1I6ZA,1I6ZA
2XALA_4AXCA,4AXCA
1Q8KA_1Q8KA,1Q8KA
3ROIA_3ROIA,3ROIA
6NPYA_7ZGUA,7ZGUA
4EPMA_4EPMA,4EPMA
3OAAD_4Q4LA,4Q4LA
1VA8A_1VA8A,1VA8A
3AMTA_3AMTA,3AMTA
7FCIA_7PQGA,7PQGA
7O0YD_7O17D,7O17D
6HIVBN_6YXXBN,6YXXBN
3JCMK_3JCMK,3JCMK
2BBUA_2BBUA,2BBUA
7QD7A_7QD7A,7QD7A
1OGKA_1OGKA,1OGKA
1GJVA_8EGDA,8EGDA
3UQYS_4GD3Q,4GD3Q
4WVYB_4WW4B,4WW4B
1UFXA_6Y9PE,6Y9PE
1HV9A_2OI5A,2OI5A
2GO7A_2GO7A,2GO7A
6K2KA_6K2KA,6K2KA
2LCHA_2LCHA,2LCHA
1SIDA_1VPNB,1VPNB
3C2WA_3G6OB,3G6OB
1RV1A_7BJ0A,7BJ0A
3J3VP_3J3VP,3J3VP
1CKIA_4HOKC,4HOKC
5NTUA_5NTUA,5NTUA
5CDCA_5CDDA,5CDDA
1BK5A_1EE4B,1EE4B
1B56A_4AZMA,4AZMA
1G0XA_2OTPA,2OTPA
1IQVA_4V4NBH,4V4NBH
1H4LD_1UNGE,1UNGE
6ELZI_6EM5I,6EM5I
1K19A_1K19A,1K19A
8E1HA_8E1HA,8E1HA
1JB7A_1JB7A,1JB7A
2YYEA_2YYEA,2YYEA
1AU7A_1AU7A,1AU7A
5VOXb_5VOYb,5VOYb
2O01E_2O01E,2O01E
3LW8E_3LW8E,3LW8E
1NKWW_4V4GBY,4V4GBY
1JIZA_1YCMA,1YCMA
1O6SB_1SUHA,1SUHA
3JCSg_4V8MBl,4V8MBl
1Q4KA_4J7BB,4J7BB
2VP7B_2VP7B,2VP7B
3JCSV_4V8MBX,4V8MBX
1A2PA_1A2PA,1A2PA
1R0PA_8AN8B,8AN8B
2PKFA_2PKFB,2PKFB
1D3BA_8CH6j,8CH6j
7DF1E_7RW2G,7RW2G
1K8KF_7AQKf,7AQKf
6YFMA_6YFMA,6YFMA
3I96A_3I96B,3I96B
4BL6A_4BL6A,4BL6A
1RD8A_4EDAA,4EDAA
2QADA_2QADA,2QADA
1TITA_2RQ8A,2RQ8A
3HX4A_3V5TA,3V5TA
1CQUA_1CQUA,1CQUA
5JQYA_5JQYA,5JQYA
4A0XA_4A0XA,4A0XA
4UA1A_4UA1A,4UA1A
6MUIA_6XOBA,6XOBA
2D39A_2D39C,2D39C
5IY6U_7UNCO,7UNCO
1AY1H_1ORSB,1ORSB
4WWXB_5ZDZC,5ZDZC
1AXTH_1AXTH,1AXTH
5HCIA_5HCIA,5HCIA
1CKVA_1CKVA,1CKVA
3JCT4_4V8Tt,4V8Tt
7RROI_7RROI,7RROI
3OAAA_5T4OB,5T4OB
2QKLA_5J3TA,5J3TA
2D8IA_2D8IA,2D8IA
3ZGBA_8OJFA,8OJFA
6N29A_6N29A,6N29A
6O8Wt_6O90t,6O90t
7PEQAE_7PEQBE,7PEQBE
1XMIA_1XMIA,1XMIA
1WICA_1WICA,1WICA
1FJGE_1FKAE,1FKAE
1EZVG_8EC0h,8EC0h
1M8QA_5TBYB,5TBYB
4XJNA_5WKNA,5WKNA
1Z1BA_5J0NF,5J0NF
1A7CA_1B3KA,1B3KA
1PPYA_1PPYA,1PPYA
6F37A_6F37B,6F37B
1KI9A_1KI9B,1KI9B
6WYEA_6WYEA,6WYEA
3S95A_7ATUA,7ATUA
2YBRB_7E23C,7E23C
3J7OJ_4V5ZBd,4V5ZBd
3VDPA_3VE5A,3VE5A
6CN0A_8GHUA,8GHUA
2FQLA_2GA5A,2GA5A
3JA82_3JC72,3JC72
7F4LC_7F4PA,7F4PA
3WHJA_3WHJA,3WHJA
2FYNC_6NHHG,6NHHG
4HARA_4HARB,4HARB
3KIHA_3KIHA,3KIHA
5YP1A_5YP1B,5YP1B
1YZMA_3V1EB,3V1EB
1VVJRD_4V4JB,4V4JB
1F66C_5FUGD,5FUGD
1AWDA_2MH7A,2MH7A
2E7SA_2E7SE,2E7SE
5LSQA_5V2UA,5V2UA
6JLU1_7VD521,7VD521
2AY0A_2AY0C,2AY0C
3LMKA_6N4YB,6N4YB
3GWMA_3HQJA,3HQJA
4KM8A_4KM8A,4KM8A
4FXGB_4FXGE,4FXGE
5LI0t_6S13t,6S13t
1IOJA_1IOJA,1IOJA
6I96A_6I96A,6I96A
7ZHTA_7ZHTA,7ZHTA
4PRSA_4PRSA,4PRSA
4V61AQ_4V61AQ,4V61AQ
2HZDA_2HZDA,2HZDA
1EM7A_1MPEB,1MPEB
1A0RB_1B9YA,1B9YA
5XNPA_6F2OA,6F2OA
4XB6A_7Z17A,7Z17A
4YNVA_4YNVA,4YNVA
6D6VA_6D6VA,6D6VA
1A5VA_1CXUA,1CXUA
5VHJF_5VHJF,5VHJF
1DY3A_1EQ0A,1EQ0A
2RH1A_3PDSA,3PDSA
7EYRA_7EYSB,7EYSB
6HIVAE_6YXXAE,6YXXAE
1EL4A_1SL7A,1SL7A
2PHZA_2PHZA,2PHZA
7W63A_7W64A,7W64A
1D9CA_1D9CA,1D9CA
1G4MA_1G4MB,1G4MB
1BC9A_1BC9A,1BC9A
1MBYA_2N19A,2N19A
1LVHA_1LVHB,1LVHB
2OQJB_3OAUH,3OAUH
2BZMA_2BZMA,2BZMA
6FA5A_6ZM2A,6ZM2A
2M8RA_2M8RA,2M8RA
2ML5A_2ML5A,2ML5A
4MNHA_7LLIE,7LLIE
2VRWB_2VRWB,2VRWB
3J9MAJ_3JD5L,3JD5L
1IGNA_1IGNA,1IGNA
4V61AP_4V61AP,4V61AP
4V4NBC_4V4NBC,4V4NBC
2J28C_4V4VBA,4V4VBA
2OBRA_3SEJH,3SEJH
5V83A_6BG3A,6BG3A
5EBZA_5TQWA,5TQWA
5MESL_5MESL,5MESL
7WJQB_8EFPC,8EFPC
1NXEA_1NXGB,1NXGB
1M8OB_1M8OB,1M8OB
5HVDA_5HVXA,5HVXA
2B8TA_2B8TA,2B8TA
2C7YA_2C7YB,2C7YB
1A99A_1A99A,1A99A
1Z5YE_2B1KA,2B1KA
2DHSA_2DHSA,2DHSA
7A4FAA_7A4FAG,7A4FAG
3WY9A_3WY9A,3WY9A
1C5EA_1VD0A,1VD0A
6HUGG_6QD6E,6QD6E
1YN5A_8GDGA,8GDGA
2NZTA_2NZTA,2NZTA
3J9MAO_3JD5p,3JD5p
4NCXA_4TWAA,4TWAA
7D2GA_7D2GB,7D2GB
5HAYA_5HAYA,5HAYA
1ADQL_4FQCL,4FQCL
2J6DA_2J6DA,2J6DA
5IFGB_5YCLC,5YCLC
3J9TN_4RNDB,4RNDB
3HTAA_3HTHC,3HTHC
3RPIA_4LSVH,4LSVH
2FHG1_3MFEF,3MFEF
4A2QA_4A2QA,4A2QA
5MU4A_5MU4A,5MU4A
5XAHA_5XAHB,5XAHB
5L9GA_5L9IB,5L9IB
6WM2P_6XBYP,6XBYP
2PMZE_2WAQE,2WAQE
3UC3A_3UC3A,3UC3A
5D3MD_6FNPH,6FNPH
5A20H_5A20H,5A20H
1BCCD_1BE3D,1BE3D
5VXCA_5VXCA,5VXCA
1MVHA_1MVHA,1MVHA
5CDXA_5CDXA,5CDXA
3J6X60_5FL8S,5FL8S
5GPNW_5LDWC,5LDWC
7SAUC_7SAUC,7SAUC
6NT5A_6NT5B,6NT5B
1EIAA_1EIAA,1EIAA
5VMSA_6V01A,6V01A
4PT2A_7S21A,7S21A
5FMFY_5FMFY,5FMFY
5GUPU_5LNKk,5LNKk
2LK4A_2LK4A,2LK4A
6YPOA_6YPOB,6YPOB
1F80D_1HY8A,1HY8A
1E3MA_1NG9B,1NG9B
1JSCA_5IMSB,5IMSB
1OCCD_5J4ZBD,5J4ZBD
1AQCA_4DBBA,4DBBA
2J51A_2JFLA,2JFLA
1D9VA_1MRPA,1MRPA
6L8EE_6L8EE,6L8EE
1VVJR1_4V4IV,4V4IV
1BIOA_1FDPA,1FDPA
5TSCA_5TSCA,5TSCA
6YVGA_6YVGA,6YVGA
1Y8QA_6CWYC,6CWYC
7SGZF_7SGZF,7SGZF
3J6XS7_5MC6U,5MC6U
1OMIA_6EV0B,6EV0B
7N6G5I_7SQC3K,7SQC3K
1EAJA_1RSFA,1RSFA
2J28O_4V4HBO,4V4HBO
2DRVA_2DRVA,2DRVA
3JQOA_3JQOD,3JQOD
5D4LA_5D4LA,5D4LA
3I75B_6WWCD,6WWCD
1B6QA_1B6QA,1B6QA
2KLRA_2KLRA,2KLRA
1ZMPA_2MITA,2MITA
5KBTA_5WEOD,5WEOD
1FQVB_5XYLA,5XYLA
2NOVA_2NOVC,2NOVC
5BV3A_5BV3A,5BV3A
4NSPA_4NSPA,4NSPA
5MYJAU_5NGMAu,5NGMAu
4WZ7K_4WZ7K,4WZ7K
1R5ID_1R5ID,1R5ID
1F15A_1F15A,1F15A
5MSJA_7DRWN,7DRWN
4X0PA_6XBUA,6XBUA
1JB0K_7BW2K,7BW2K
4BE5A_4BE5A,4BE5A
2G19A_6ZBOC,6ZBOC
3J6X22_4V3PSH,4V3PSH
7TVZA_8CS9Y,8CS9Y
4BFEA_4BFGA,4BFGA
3J8BE_3J8CE,3J8CE
3NZKA_4IS9A,4IS9A
1I3QJ_5VVSJ,5VVSJ
1KQLA_2Z5IB,2Z5IB
1NI7A_1NI7A,1NI7A
4CKGA_5H3DB,5H3DB
3QAEA_3QAUA,3QAUA
1WIOA_1WIOA,1WIOA
5GJQK_5VHFD,5VHFD
3IZYP_3IZYP,3IZYP
3J5MA_7TXDA,7TXDA
3J7OU_4D5YU,4D5YU
1MQ4A_4C3PA,4C3PA
3J6XS4_5TZS5,5TZS5
4PGRA_4PGSA,4PGSA
2ZZRA_2ZZRA,2ZZRA
1B41B_1FASA,1FASA
6HIVDR_6HIVDR,6HIVDR
4M8MA_4M8MA,4M8MA
1J7IA_2BKKC,2BKKC
3QF4B_4Q4AB,4Q4AB
4XI5D_5UIXH,5UIXH
5N5XB_5OA1U,5OA1U
2Q3BA_4I1YC,4I1YC
6ZZ5A_6ZZ5A,6ZZ5A
7S68B_7S81C,7S81C
2MC9A_2MC9A,2MC9A
4DK0A_4DK0A,4DK0A
5TXRA_8EIMA,8EIMA
1AWJA_1AWJA,1AWJA
4QIWC_4QIWC,4QIWC
8GLVJE_8GLVJE,8GLVJE
5T62V_6RI5w,6RI5w
3J7OM_4D5YM,4D5YM
1PDPA_1QEXA,1QEXA
2MBTA_2MBTA,2MBTA
7PVNA_7SOLC,7SOLC
1W9AA_1W9AB,1W9AB
2FB9A_2FB9A,2FB9A
2WPWA_2WPWA,2WPWA
4ZSVA_4ZSVB,4ZSVB
1LVBA_1LVBA,1LVBA
3FSSA_3TVVB,3TVVB
3Q1PA_3Q1PA,3Q1PA
3J9MAU_6NU2AU,6NU2AU
4GJWA_6EB9A,6EB9A
1DOXA_1DOXA,1DOXA
3J7OH_4D5YH,4D5YH
1QGKA_6N88B,6N88B
2BTVA_6PNSD,6PNSD
5D7VA_6CZ2A,6CZ2A
2ERXA_6NAZA,6NAZA
4XYLA_4XYLA,4XYLA
6HIVCi_6HIVCi,6HIVCi
6GWCC_6GWCC,6GWCC
3TEEA_3TEEA,3TEEA
1GD8A_4V4IL,4V4IL
5MQFO_5MQFO,5MQFO
1T8PA_1T8PA,1T8PA
6W1SQ_6W1SQ,6W1SQ
3BRQA_3BRQA,3BRQA
4DNPA_4DNPA,4DNPA
5VC7A_5VC7A,5VC7A
7R5JK0_7TBJS4,7TBJS4
1WDYA_1WDYA,1WDYA
2ADGA_4L5FL,4L5FL
1TOHA_2XSNA,2XSNA
7JG5b_7Y5Cb,7Y5Cb
6AF3A_6AF3G,6AF3G
1GK8I_7JFOB,7JFOB
2N3JA_6GJHA,6GJHA
6ZI0A_6ZI0A,6ZI0A
3J9MAZ_6NU2AZ,6NU2AZ
2Q6DA_2Q6DA,2Q6DA
5U30A_5U34A,5U34A
1H0MA_1H0MA,1H0MA
7DL0A_7DL0A,7DL0A
1AE2A_2GN5A,2GN5A
4TW1A_4TW1E,4TW1E
3NGBB_3NGBE,3NGBE
1P0RA_1P0RA,1P0RA
2FUG5_2FUGE,2FUGE
3CB4A_3CB4A,3CB4A
2FU5C_2FU5D,2FU5D
2MMEA_3J0RA,3J0RA
3S6GA_3S6HY,3S6HY
1Y9OA_1Y9OA,1Y9OA
4V4NAN_4V4NAN,4V4NAN
4WFCB_4WFCD,4WFCD
6IATA_6IATD,6IATD
1IF0A_3QPRE,3QPRE
4MBSA_7F1SR,7F1SR
3J3VN_3J3VN,3J3VN
4YHUA_4YHUA,4YHUA
1VR5A_1VR5A,1VR5A
1KILD_1SFCH,1SFCH
1OJHA_1OJHF,1OJHF
1DO8A_7BSKB,7BSKB
1QY5A_3O2FA,3O2FA
4BJQA_4BJQG,4BJQG
4FVFA_4FVGA,4FVGA
1O90A_6FBPB,6FBPB
5FMFR_5FZ5W,5FZ5W
1GV4A_4BURB,4BURB
2Y9JY_2Y9JZ,2Y9JZ
1HUQA_1TU4A,1TU4A
2RETB_2RETB,2RETB
3QP5A_3QP5A,3QP5A
3J3VL_3J3VL,3J3VL
5LI0p_7ASO7,7ASO7
2H0PA_2H0PA,2H0PA
4RIEA_4RIEA,4RIEA
2E4UA_3SM9A,3SM9A
4HJ1A_4HJCA,4HJCA
1FQYA_1IH5A,1IH5A
1Q6AA_1Q6AA,1Q6AA
4M5DB_7SUKNI,7SUKNI
7YI0C_7YI0C,7YI0C
1E7KA_2JNBA,2JNBA
2J28W_4V4VBU,4V4VBU
3KTMA_3KTMA,3KTMA
4HTOA_4HTOA,4HTOA
1K5WA_2LHAA,2LHAA
1AOID_2RVQD,2RVQD
6LGLA_6LGLz,6LGLz
6OUUA_6OUUB,6OUUB
5UN7B_8SOKE,8SOKE
2KZNA_2KZNA,2KZNA
6UYDE_6WO5E,6WO5E
2L11A_3DM1C,3DM1C
1ODVA_7AV6A,7AV6A
2KY8A_6C2FD,6C2FD
6D7JA_6D7JA,6D7JA
5WLCLQ_6ND4Q,6ND4Q
1HA1A_4YOEA,4YOEA
1FJGT_1IBLT,1IBLT
3SKJH_3SKJI,3SKJI
6JT0A_6JT0A,6JT0A
1DX7A_1DX7A,1DX7A
4V4NBY_4V4NBY,4V4NBY
1WSPA_6JCKA,6JCKA
1QO3C_3G8KA,3G8KA
7NYWA_7NYWB,7NYWB
3LXNA_3NYXA,3NYXA
1J3GA_1J3GA,1J3GA
1B47A_1FBVA,1FBVA
4J0WA_4J0WA,4J0WA
4F7RA_4F7RA,4F7RA
1FCCC_1Q10A,1Q10A
1B3UA_1B3UA,1B3UA
1F93E_1F93E,1F93E
2LPIA_2LPIA,2LPIA
8ESQy_8EUPy,8EUPy
1L7YA_1WXSA,1WXSA
4DQYC_4DQYC,4DQYC
1I10A_1I10A,1I10A
1ZTMA_1ZTMB,1ZTMB
5WLYA_5WLYA,5WLYA
4IJZA_4IJZB,4IJZB
5WK1A_5WK1A,5WK1A
6GRJA_6GRJA,6GRJA
4WM7C_6AJ2C,6AJ2C
4O9BA_4O9BA,4O9BA
6BZFA_6BZFG,6BZFG
3JAPl_6FYYl,6FYYl
5DVFA_5DVFA,5DVFA
6F3TA_7EDXe,7EDXe
2DE0X_2DE0X,2DE0X
4GA4A_4GA4B,4GA4B
2VLWA_2VLWA,2VLWA
6PH3A_6PH4A,6PH4A
3J3VC_3J3VC,3J3VC
1S2OA_1S2OA,1S2OA
3BLVA_3BLVG,3BLVG
2CFBA_2HOZA,2HOZA
5ZYTA_5ZYWA,5ZYWA
3J9MAK_6NU2AK,6NU2AK
2R0RA_2RB3B,2RB3B
7LU9g_7LU9r,7LU9r
2DW0A_2DW0A,2DW0A
1AJ4A_1DTLA,1DTLA
6ST4A_6STED,6STED
3P45B_3QNWB,3QNWB
2LQ5A_4J5OA,4J5OA
6CU8A_6CU8A,6CU8A
5D98C_5D9AI,5D9AI
3A11A_3A11B,3A11B
4V4NBP_4V4NBP,4V4NBP
1KILC_5LOBD,5LOBD
1GS5A_1GS5A,1GS5A
4V6IBk_4V6IBk,4V6IBk
5OPGA_6Y6PA,6Y6PA
2E69A_2E6EB,2E6EB
7P6UA_7P6UA,7P6UA
5VKUh_5VKUt,5VKUt
1BUIC_1SSNA,1SSNA
1Q2WA_2QCYA,2QCYA
2YKRD_2YKRD,2YKRD
2PTHA_2PTHA,2PTHA
1NKW3_5DM63,5DM63
3J7PK_7VB2A,7VB2A
4V8MAE_4V8MAE,4V8MAE
2J282_2J282,2J282
1FDMA_1FDMA,1FDMA
2PM6B_7N9Fd,7N9Fd
1JB0C_1K0TA,1K0TA
2RQFA_3AOTA,3AOTA
3KBOA_3KBOA,3KBOA
6SCNA_6SCNA,6SCNA
2C1UA_2C1UA,2C1UA
1MHPH_3G6DH,3G6DH
1TI8B_5TG9B,5TG9B
5OPIC_5OPIC,5OPIC
2ZD7A_3C9DA,3C9DA
1RZTA_5CB1A,5CB1A
3JC8Pa_3JC8Pa,3JC8Pa
8ANEA_8ANEG,8ANEG
3UOWA_3UOWA,3UOWA
6SO5A_6SO5A,6SO5A
1VF5E_2D2CE,2D2CE
5ZAPS_6ODM5,6ODM5
2VHVA_2VHWA,2VHWA
2BBRA_2BBRA,2BBRA
2NLLB_2NLLB,2NLLB
1KVKA_1KVKA,1KVKA
6LBFA_7EL6A,7EL6A
6ZVRDB_6ZVRDB,6ZVRDB
2C2AA_2C2AA,2C2AA
5O9HA_5O9HA,5O9HA
1FE8H_2GK0H,2GK0H
4ZQKA_5O45A,5O45A
1AP9A_1AP9A,1AP9A
4W7YA_4W7YB,4W7YB
3QX3A_4FM9A,4FM9A
1TR7A_3ZPDA,3ZPDA
4JOIC_7U5CG,7U5CG
6WDNC_6WDNG,6WDNG
5MQFR_6ZYMR,6ZYMR
2KC0A_2KC0A,2KC0A
3A60A_3A60B,3A60B
4E3CA_4KIKA,4KIKA
4WZ76_4WZ76,4WZ76
1M31A_1M31B,1M31B
1EDMB_1EDMB,1EDMB
7E7ZA_7UKFA,7UKFA
2WW9O_2WWAO,2WWAO
1DZ7A_1DZ7A,1DZ7A
2J28M_2J28M,2J28M
1G59A_1J09A,1J09A
5TW1E_6DCFE,6DCFE
3TSBA_3TSBA,3TSBA
1AMLA_2M9SA,2M9SA
2KJWA_2KJWA,2KJWA
1A30A_1Q9PA,1Q9PA
1OIPA_1OIPA,1OIPA
8A6UA_8A73B,8A73B
3J6X53_5FL8L,5FL8L
6BBJA_6BBJA,6BBJA
2O8BA_8OMAA,8OMAA
5F0JA_5F0KE,5F0KE
1A1MA_3RL2A,3RL2A
2KTBB_2KTBB,2KTBB
2J28Q_4V4WBO,4V4WBO
2V8IA_2V8IA,2V8IA
1H95A_1H95A,1H95A
1CC0F_1DOAB,1DOAB
1ACBE_1EX3A,1EX3A
3J6X31_6FYYf,6FYYf
1KZ7A_1RJ2G,1RJ2G
1EYRA_1EYRA,1EYRA
1UTUA_1UTUB,1UTUB
4M0JA_4M0JA,4M0JA
4GO1A_4GO1A,4GO1A
1C15A_1C15A,1C15A
1IA9A_1IA9A,1IA9A
4XMME_7TBIW1,7TBIW1
3H80A_3OPDA,3OPDA
1MKPA_1MKPA,1MKPA
6FF70_6FF70,6FF70
3MW6A_3MW6C,3MW6C
2DOBA_2DOBA,2DOBA
3WB9A_3WB9A,3WB9A
1HYUA_1HYUA,1HYUA
2E9EA_4QJQA,4QJQA
4NKNA_4NKNA,4NKNA
1BC4A_1BC4A,1BC4A
4WZGA_4WZGA,4WZGA
7QE3A_7QE3A,7QE3A
1K3EA_1K3EA,1K3EA
6HIVCQ_6HIWCQ,6HIWCQ
6VQII_6VQII,6VQII
6IOPA_6IOQA,6IOQA
3GPRC_3GPRC,3GPRC
3WOBA_3WOBA,3WOBA
7KY5A_7KY8A,7KY8A
1F6MC_1OAZB,1OAZB
7ZM73_7ZM73,7ZM73
7TGH3E_8B6JE,8B6JE
1OCCA_5J4ZBN,5J4ZBN
2I1UA_5VO7A,5VO7A
3J83A_7P13A,7P13A
1FO1A_1FO1A,1FO1A
2X6NA_2X74B,2X74B
2R8SH_2WUCH,2WUCH
6R3AA_6R3AA,6R3AA
6NL3A_6NL3A,6NL3A
1DS9A_1DS9A,1DS9A
4CFEA_4REWA,4REWA
3ABHA_3ACOB,3ACOB
1RG6A_5N2OA,5N2OA
7F6DA_7F6DB,7F6DB
4GXUO_7E39C,7E39C
5GUPY_5GUPY,5GUPY
6HIVBR_6HIVBR,6HIVBR
3J6XS9_4V4BAD,4V4BAD
7E8KA_7E8KA,7E8KA
1FGXA_1FGXB,1FGXB
6HIVBQ_6HIVBQ,6HIVBQ
1D2RA_1I6KA,1I6KA
1QBKB_1QBKB,1QBKB
3I9YA_3I9YA,3I9YA
6VYVE_6VYVE,6VYVE
6KE6A9_6KE6A9,6KE6A9
5EDVA_5EDVA,5EDVA
6EQIC_6EQIC,6EQIC
2JKYA_2JKYA,2JKYA
5T77A_6NC7B,6NC7B
1A26A_7AABB,7AABB
6I3MA_6I3MB,6I3MB
6HBGC_6HBHC,6HBHC
2IVMA_2QZ8B,2QZ8B
7SN7A_7SN7E,7SN7E
2VU9A_8ALPA,8ALPA
1CL0A_1CL0A,1CL0A
1NKWM_4V4GBP,4V4GBP
4FBKA_4FBKA,4FBKA
4DCIA_4DCID,4DCID
1LFOA_2JU3A,2JU3A
1BR1B_7MF3F,7MF3F
1VERA_1VESB,1VESB
2FQ0A_2FQ0A,2FQ0A
1WR6A_1WR6A,1WR6A
1TMLA_3RPTA,3RPTA
2X29A_2X29A,2X29A
4DCKA_4JQ0D,4JQ0D
1E08D_1E08D,1E08D
1FPN1_4L3BA,4L3BA
1ND7A_6J1ZA,6J1ZA
1X05A_1XX0A,1XX0A
1C4RA_3MW2B,3MW2B
1BJMA_3BJLB,3BJLB
3QF4A_4Q4AA,4Q4AA
6VFMA_6VFMA,6VFMA
1J1NA_1J1NA,1J1NA
4P2CG_4P2CH,4P2CH
5OQLv_5OQLv,5OQLv
1W6VA_3LMNA,3LMNA
4F7OA_4F7OA,4F7OA
5OH5A_5OH5A,5OH5A
2JE6I_3L7ZF,3L7ZF
7SXOA_7SXOB,7SXOB
3PPNA_3PPNA,3PPNA
4W2RA_4W2RA,4W2RA
3J16C_5MC6T,5MC6T
6IWTA_6IWTA,6IWTA
6FF4O_8CH6X,8CH6X
6J3QA_6J3Qa,6J3Qa
7UW9g_7UW9n,7UW9n
1C1ZA_7KG4A,7KG4A
3Q7BA_3Q7BA,3Q7BA
1K6YA_1K6YA,1K6YA
5GPNp_7DGRR,7DGRR
3PE3A_3PE4A,3PE4A
1FLCB_1FLCB,1FLCB
7SPYA_7SPYA,7SPYA
4NFYA_4NFYA,4NFYA
4Y83A_4Y83A,4Y83A
1CEJA_1CEJA,1CEJA
2WBEC_6VPPC,6VPPC
2IW2A_5MC2B,5MC2B
6PLNA_6PLNA,6PLNA
5B0OE_5B0OH,5B0OH
7X20A_7X20A,7X20A
1RQTA_1RQTB,1RQTB
5XL1A_6UR5D,6UR5D
4V8MAV_4V8MAV,4V8MAV
5ZQKA_5ZQKB,5ZQKB
7QD4A_7QD4A,7QD4A
1FFHA_1RJ9B,1RJ9B
4PTBA_5FB1A,5FB1A
2GUMA_3NWFA,3NWFA
1AOIA_4H9QA,4H9QA
2AYNA_7W3Mx,7W3Mx
2I7KA_2I7KA,2I7KA
1BM2A_1BM2A,1BM2A
5YMXA_6H5BA,6H5BA
5DECA_5F2VW,5F2VW
4AYID_4AYID,4AYID
1PFJA_1PFJA,1PFJA
2QSFA_2QSFA,2QSFA
6PSHA_6PSHA,6PSHA
3JCMI_3JCMI,3JCMI
5O60X_5V7QW,5V7QW
1UWKA_1UWKB,1UWKB
3H94A_3NE5B,3NE5B
4MOWA_4MOWA,4MOWA
4RAVB_4UNTF,4UNTF
1D4CA_1D4CA,1D4CA
2V4NA_4G9OA,4G9OA
1B9MA_1B9MA,1B9MA
3I84A_3I84A,3I84A
1YK9A_1YK9A,1YK9A
1HJDA_1HJDA,1HJDA
5N5XC_5W66Q,5W66Q
1E32A_3HU1C,3HU1C
1T3NA_1ZETA,1ZETA
3H43A_3H43A,3H43A
2X7ND_4V6IBZ,4V6IBZ
5GUPe_5LC5g,5LC5g
3J6X21_4V6IAT,4V6IAT
1RV8A_1RV8B,1RV8B
2H6BA_3E5UD,3E5UD
3J9WBP_4WFBJ,4WFBJ
6KDVA_6KDVA,6KDVA
7OODe_7PASe,7PASe
3J7Og_6HCFg3,6HCFg3
5OXWA_5OXWB,5OXWB
1E3UA_7L5VB,7L5VB
7P2YA_7P2YA,7P2YA
3J6X68_4V6IBO,4V6IBO
2DU7A_2DU7A,2DU7A
1ULZA_1ULZA,1ULZA
4WYKA_4WYKA,4WYKA
3J3V0_3J3V0,3J3V0
4A57A_4A57A,4A57A
6ZMWy_6ZONC,6ZONC
5LTYK_5LUXK,5LUXK
1F60A_4C0SB,4C0SB
2WX4A_2WX4A,2WX4A
5ADXJ_6F38J,6F38J
4NXIA_5XURB,5XURB
6NMIA_6O9L7,6O9L7
3JCOK_6EF3K,6EF3K
6HIVDE_6HIVDE,6HIVDE
6F2RA_6F2RC,6F2RC
4R0ZA_4R0ZA,4R0ZA
5U3KA_5U3KA,5U3KA
7ACYA_7ACYA,7ACYA
3L1LA_3LRCA,3LRCA
6SCTD_6SCTN,6SCTN
6X1GA_6X1HB,6X1HB
3A58A_3A58A,3A58A
1IYKA_1IYKA,1IYKA
5MH4A_5MH4A,5MH4A
2DHJA_2DHJA,2DHJA
1EUVB_1L2NA,1L2NA
4HG6A_4HG6A,4HG6A
3J9MAX_3JD5g,3JD5g
6TF9RP1_6TF9RP1,6TF9RP1
1GQEA_1GQEA,1GQEA
2J2CA_6DDBB,6DDBB
4CB8A_4HM9A,4HM9A
2G43A_2G45A,2G45A
3JA86_3JC76,3JC76
5GJQM_5VHSF,5VHSF
5I5KH_5N7WA,5N7WA
2AVGA_2AVGA,2AVGA
6G4WR_6YBSX,6YBSX
2IUTA_2IUTB,2IUTB
5LB3B_5LB8A,5LB8A
7QBJA_7QBJA,7QBJA
2FAUA_6MD5A,6MD5A
3J3VJ_3J3VJ,3J3VJ
3J9WBJ_3J9WBJ,3J9WBJ
7FDVA_7OZ1A,7OZ1A
4UAOC_4WHTK,4WHTK
6RWLA_6RWLA,6RWLA
1S48A_1S4FA,1S4FA
6GEJU_6GEJW,6GEJW
6ZXDz_6ZXDz,6ZXDz
5BKFA_5BKFD,5BKFD
5N69G_5TBYD,5TBYD
6XTX3_7W68B,7W68B
6UV0A_6UV0A,6UV0A
3J7OG_6HCJG3,6HCJG3
7JW1A_7JW1A,7JW1A
3SOAA_3SOAA,3SOAA
6F5DG_8APFG1,8APFG1
4IHQA_4IHQA,4IHQA
3J7A4_5XXUb,5XXUb
1M4RA_3Q1SI,3Q1SI
6FOCD_7JG5D,7JG5D
3NNFA_3NNFA,3NNFA
2VXSH_6GLWH,6GLWH
6SGAFQ_6SGAFR,6SGAFR
2UUQA_2UUQA,2UUQA
1CG2A_7M6UD,7M6UD
1B3AA_6FGPB,6FGPB
1FSIA_1FSIA,1FSIA
5OQMi_5SVAU,5SVAU
5WLCLV_5WLCLV,5WLCLV
1A52A_1A52A,1A52A
1CJXA_1CJXB,1CJXB
1WLEA_7U2AB,7U2AB
3TCLA_3U46A,3U46A
1EYLA_3QYDA,3QYDA
6HE6A_6MK7A,6MK7A
2AIVA_2AIVA,2AIVA
6S6VC_6S6VC,6S6VC
4A5LA_4A5LA,4A5LA
6LYYA_6LZ0A,6LZ0A
7QOOI_7QOOI,7QOOI
1NKXA_4OQOA,4OQOA
1FQJA_6OY9A,6OY9A
3CGMA_4ODMD,4ODMD
7APKE_7APKE,7APKE
5C1MA_7UL4A,7UL4A
7BZDA_7BZDA,7BZDA
5WLCNB_7D4I5H,7D4I5H
4KKSA_4KKSA,4KKSA
5MQFM_5MQFM,5MQFM
2E5EA_2E5EA,2E5EA
4BP8A_4BP8A,4BP8A
4ILUA_4ILUA,4ILUA
2OEFA_4M2BA,4M2BA
6WPKA_6WPKB,6WPKB
6S6BH_6S6BH,6S6BH
1AQZA_1R4YA,1R4YA
3KIOA_3KIOA,3KIOA
4FUMA_5TU7B,5TU7B
1DF4A_2MK3A,2MK3A
1WIZA_1YSEA,1YSEA
1F8AB_1NMVA,1NMVA
5SWSE_5SWSE,5SWSE
8B6HEC_8B6HEc,8B6HEc
5V8F9_5V8F9,5V8F9
6ZHEC_7SGLC,7SGLC
7SR1A_7SR1A,7SR1A
3NYJA_3NYLA,3NYLA
2VRDA_2VRDA,2VRDA
1R6RA_1R6RB,1R6RB
6GCSM_6GCSM,6GCSM
4ZPNA_4ZPNB,4ZPNB
8BKYA_8BKYB,8BKYB
1IMOA_1IMOA,1IMOA
4YZFA_4YZFA,4YZFA
2JAVA_5M53A,5M53A
5EOEA_5EPHD,5EPHD
3IHYA_7RSJA,7RSJA
1EL1A_1I56A,1I56A
6H1BA_6H1BC,6H1BC
1DBDA_1DBDA,1DBDA
1HO3A_1JJAC,1JJAC
8OJSB_8OJSB,8OJSB
5WLCLZ_6ZQECI,6ZQECI
1CGPA_3FWEB,3FWEB
1OPKA_1OPKA,1OPKA
2XCOA_2XCRU,2XCRU
6R21a_7BOYs,7BOYs
6VLXA_6VLXA,6VLXA
3UEJA_4FKDA,4FKDA
5A7DL_5A7DL,5A7DL
4P71A_4P71A,4P71A
3F65A_3F65F,3F65F
7AN4A_7ANIB,7ANIB
4WSLA_4WSLA,4WSLA
1RU3A_1RU3A,1RU3A
5I7CA_5I7CB,5I7CB
2KC8A_2KC9A,2KC9A
2XVRA_2XVRA,2XVRA
5BP4A_5BP4L,5BP4L
1VVJRY_4V4JS,4V4JS
5COAA_5COAA,5COAA
3IYDF_6K4YF,6K4YF
8FNTA_8HRAA,8HRAA
4HKIC_5FPFC,5FPFC
1IRUH_5LN31,5LN31
7KHAA_7KHAA,7KHAA
2CXFA_2CXFA,2CXFA
4DLPA_4DLPA,4DLPA
2WWPA_4OS3B,4OS3B
5WLCSA_5WYJ3D,5WYJ3D
5KVDE_5OMZA,5OMZA
1ABTA_1IDIA,1IDIA
7L1UR_7XRRA,7XRRA
6L8EA_6L8EA,6L8EA
2J289_2J289,2J289
6Q26A_6Q26A,6Q26A
2J28G_4V4VBE,4V4VBE
1RMFH_1RMFH,1RMFH
1MG1A_3L2JA,3L2JA
5LC5N_5LDWN,5LDWN
6J54b_6J54b,6J54b
1AELA_1T8VA,1T8VA
4EGCA_4XHSA,4XHSA
4M9BA_4MAPB,4MAPB
6HD8A_6HD8A,6HD8A
1CFHA_1CFHA,1CFHA
4OWTB_4OWTB,4OWTB
4CBGA_4CBLB,4CBLB
4UI9F_5G04H,5G04H
1XK4D_7UI5A,7UI5A
4GIZA_5GXTA,5GXTA
2QTMA_2QTRA,2QTRA
7BHIA_7BIHA,7BIHA
2MH9A_2MH9A,2MH9A
1C28A_6U6NC,6U6NC
1A6TA_1FIGL,1FIGL
5OAYA_5OAYA,5OAYA
4U0GA_6VGKA,6VGKA
7LTCB_7LTCB,7LTCB
7MQ1A_7MQ2A,7MQ2A
2WIUA_2WIUC,2WIUC
4UFTB_5E4VA,5E4VA
2CGEA_2CGEA,2CGEA
1Q6HA_1Q6HA,1Q6HA
5TX1U_7RD1S,7RD1S
2GZVA_2LUIA,2LUIA
6GIQf_8E7Sq,8E7Sq
5FURI_5FURI,5FURI
2ZW3A_6UVTA,6UVTA
6A4ZA_6A4ZA,6A4ZA
4AALA_4AALA,4AALA
5TUGA_5TUGA,5TUGA
6KXWA_6N1GA,6N1GA
2VL6A_6WNZA,6WNZA
2BFXA_4AF3A,4AF3A
5K29A_5WQZA,5WQZA
7C1DA_7C1DA,7C1DA
2P0CA_7AAYA,7AAYA
6ZNXA_6ZNXC,6ZNXC
1KSGA_1KSGA,1KSGA
4V4NBN_4V4NBN,4V4NBN
5YDOA_5YEZC,5YEZC
3J9MAR_3JD5a,3JD5a
4YTOA_4YTOB,4YTOB
6W19Q_7BR8m,7BR8m
6GRQA_6GRQA,6GRQA
1AWIA_1PFLA,1PFLA
5AHVE_5AHVE,5AHVE
1Q5FA_1Q5FA,1Q5FA
4WCES_4WCES,4WCES
2KEQA_2KEQA,2KEQA
5JXCA_5JXCB,5JXCB
5JZ7C_5JZ7C,5JZ7C
5FTTA_5FTTA,5FTTA
1H6OA_1H6OA,1H6OA
6O2MA_6O2OA,6O2OA
4B09A_4B09A,4B09A
7A6HP_7A6HP,7A6HP
1PLQA_3V61B,3V61B
3J7YD_7NQHBD,7NQHBD
5CZWA_5CZWA,5CZWA
3J6X77_4V6IBl,4V6IBl
4N7VA_6N46E,6N46E
1J1DB_1J1DB,1J1DB
1AIGL_2RCRL,2RCRL
1FFKQ_4V4PAU,4V4PAU
6W1CE_7LIHD,7LIHD
1IQ4A_5HKVD,5HKVD
5GPNk_6ZKSJ,6ZKSJ
3ADYA_3ADYA,3ADYA
1DG3A_6K2DA,6K2DA
3WY1A_3WY1A,3WY1A
2VTYA_2VTYA,2VTYA
3J3V2_3J3V2,3J3V2
1PS6A_1PS7B,1PS7B
6DZ7A_6DZ7B,6DZ7B
2X7RC_2X7RC,2X7RC
1NY4A_1NY4A,1NY4A
6ADQY_6ADQY,6ADQY
7ZD5D_7ZE5D,7ZE5D
3DMQA_3DMQB,3DMQB
2PEEA_2PEEA,2PEEA
4O8XB_5U4PB,5U4PB
3I0OA_3I0OA,3I0OA
2P3NA_2P3NA,2P3NA
2QP9X_6AP1F,6AP1F
5K8JA_5K8JA,5K8JA
1SORA_1SORA,1SORA
3PEWA_3PEWA,3PEWA
6HIVAI_6HIVAI,6HIVAI
3RBHA_4B61A,4B61A
1AZVA_2MP3A,2MP3A
6L81B_7QJ6i,7QJ6i
1K3FA_1K3FD,1K3FD
2MS7A_2MS7A,2MS7A
2CA9A_2CA9B,2CA9B
3T98A_3T98C,3T98C
4G6FD_5GHWL,5GHWL
3J1BA_4XCGA,4XCGA
1HTLA_1LTAA,1LTAA
6RX9A_6RX9A,6RX9A
7JRGJ_7JRPJ,7JRPJ
1LE5B_1OOAA,1OOAA
1AN1I_2KMOA,2KMOA
4RZ7A_4RZ7A,4RZ7A
2HK5A_5ZJ6A,5ZJ6A
6YVUD_6YVUD,6YVUD
4V4BAK_4V4BAK,4V4BAK
3JCKG_3JCKG,3JCKG
3DWLA_3DWLA,3DWLA
1EBDC_2PDEA,2PDEA
3LNUA_3LNUA,3LNUA
1VVJRF_4V4JD,4V4JD
4Q2TA_4ZAJA,4ZAJA
1BLBA_7K7UJ,7K7UJ
1D9KD_2IADB,2IADB
2AYIA_2AYIA,2AYIA
6DCEA_7EA2B,7EA2B
1W09A_1W0AA,1W0AA
6VQ6A_7U8OB,7U8OB
1P9RA_1P9RA,1P9RA
7A23X_7A24X,7A24X
3J4UA_3J4UB,3J4UB
5ZYOA_7CF7B,7CF7B
1BVRA_7KLIC,7KLIC
6BAQA_6BAQA,6BAQA
4OWDA_4OXVA,4OXVA
2EFIA_2EFIA,2EFIA
1DIVA_487DK,487DK
2AHYA_2AHZA,2AHZA
5WLCSN_5WYJU5,5WYJU5
1B2TA_1B2TA,1B2TA
4RKU3_4RKU3,4RKU3
3F5TA_5NT2D,5NT2D
2CQPA_2CQPA,2CQPA
3IY9H_8C8ZH,8C8ZH
2MZNA_2MZNA,2MZNA
3J8BA_3J8CA,3J8CA
2SHPA_5BK8A,5BK8A
1TFRA_2IHNA,2IHNA
7JQQA_7JQQE,7JQQE
5XG9A_6A9CB,6A9CB
4JZJC_4JZJC,4JZJC
6E10A_6E10F,6E10F
4WCEU_6SJ60,6SJ60
1AL6A_1CTSA,1CTSA
2X6UA_5BQDB,5BQDB
3LVGA_3LVGA,3LVGA
3KYKH_3KYKH,3KYKH
1GZWA_2KM2A,2KM2A
6X89A5_6X89A5,6X89A5
7PKNU_7XHNU,7XHNU
1VVJRH_4V4JF,4V4JF
1F61A_1F61B,1F61B
5GVRA_5GVRA,5GVRA
1YUWA_1YUWA,1YUWA
3EPZA_3EPZA,3EPZA
3FWLA_7LQ6A,7LQ6A
1JMSA_6GO6A,6GO6A
1F6AB_3HA0A,3HA0A
4XBZA_4XBZA,4XBZA
2ZNMA_2ZNMA,2ZNMA
7ACXB_7ACXB,7ACXB
7JV3A_7JYBH,7JYBH
1C0FS_5H3MA,5H3MA
6LGLj_6LGLk,6LGLk
6E3YE_7TYFE,7TYFE
3QMVA_3QMWB,3QMWB
6GX5A_6TJOA,6TJOA
1A40A_1IXHA,1IXHA
6JT0B_6JT0B,6JT0B
3I41A_3I46A,3I46A
1FB0A_1FB0B,1FB0B
5N8PA_6P5TD,6P5TD
3J9TH_5D80n,5D80n
2M2IA_5VX7A,5VX7A
1GQQA_1GQQA,1GQQA
5WU1A_5WU2A,5WU2A
1C2PA_3QGIA,3QGIA
5J30QY_5J4DJA,5J4DJA
6YEHA_6YEHB,6YEHB
3LMJH_6IEKE,6IEKE
4EXLA_4EXLC,4EXLC
8A3TD_8A3TD,8A3TD
1YY8B_5JQ6H,5JQ6H
7DMNA_7DMNA,7DMNA
1Y0BA_1Y0BD,1Y0BD
2V57A_2WGBA,2WGBA
3J0LJ_3J0QJ,3J0QJ
1OB3A_1OB3A,1OB3A
1IVOA_1NQLA,1NQLA
1G7DA_1G7DA,1G7DA
4QQWA_6C66G,6C66G
1RKCA_3TJ6A,3TJ6A
2CUAA_2LLNA,2LLNA
2WP8J_2WP8J,2WP8J
7E23B_7E23B,7E23B
2J280_2J280,2J280
3TL8A_3TL8D,3TL8D
5A9QS_7PEQDJ,7PEQDJ
4HBLA_4HBLA,4HBLA
7O4IX_7O75X,7O75X
2K03B_2N55B,2N55B
5HVMA_6JBIB,6JBIB
3J6XS5_4V6IAF,4V6IAF
3JSBA_5LTFA,5LTFA
6X4SA_6X4SB,6X4SB
5OV3A_5OV3A,5OV3A
6KE6RO_6LQSRO,6LQSRO
1CVSC_7YSHE,7YSHE
3SPAA_5OLAE,5OLAE
1JW2A_2K5SA,2K5SA
7MBWA_7MCSC,7MCSC
5IJNF_5IJNR,5IJNR
2EXXA_2EXXB,2EXXB
2A5SA_6USUB,6USUB
3RIPA_3RIPA,3RIPA
3JCOI_5WVKI,5WVKI
7VYYA_7VYYA,7VYYA
3EUHC_3EUHE,3EUHE
7MI4B_7MI4B,7MI4B
3VVJA_3VVJA,3VVJA
1A8MA_7TA6A,7TA6A
1ZQ9A_6W6CB,6W6CB
5NCSA_5NCSA,5NCSA
3G7TA_3G7TA,3G7TA
1F6DA_1F6DA,1F6DA
4V51B4_4V51D4,4V51D4
3GVAA_3GVAA,3GVAA
3J7PSB_4D5LB,4D5LB
3J16B_3J16B,3J16B
4YFDA_4YFGB,4YFGB
6V1VA_6V1VB,6V1VB
7OODo_7PASo,7PASo
2E9WA_2EC8A,2EC8A
6N8NW_6N8NW,6N8NW
1GW6A_3FH7A,3FH7A
1BBPA_1KXOA,1KXOA
3BEOA_3BEOA,3BEOA
3LOCA_4X1EA,4X1EA
1NMNA_1NMNA,1NMNA
1AERA_1DMAB,1DMAB
6C23C_6C23C,6C23C
6JNXP_6JNXP,6JNXP
1LOPA_2RS4A,2RS4A
5A5TA_5A5TA,5A5TA
3J6X17_4V6IAQ,4V6IAQ
5FHDA_5FHEA,5FHEA
1FG5N_2VXMA,2VXMA
1J8FA_5FYQB,5FYQB
7QOJE_7QOJE,7QOJE
5JPQk_5JPQk,5JPQk
3CLCA_4I8TA,4I8TA
6J5TC_6J5TC,6J5TC
3R5LA_3R5LA,3R5LA
5GUPn_7DGQX,7DGQX
2Z8XA_2Z8XA,2Z8XA
3AONA_3AONA,3AONA
5CHFA_5CHFB,5CHFB
1AOIC_2RVQC,2RVQC
5BPUA_5BQEB,5BQEB
4ZCIA_5A9WA,5A9WA
3J7OE_4V6XCE,4V6XCE
4EGXA_4EGXA,4EGXA
4UI9I_5G05I,5G05I
1AIGM_1L9BM,1L9BM
1YY6A_2F1YA,2F1YA
5LXNA_5LXNB,5LXNB
5H1Sd_5H1Sd,5H1Sd
1L3SA_1LV5A,1LV5A
6MKBA_6MKZA,6MKZA
5TIRA_6CYSA,6CYSA
1COPD_2ORCA,2ORCA
4KR6A_4KR6B,4KR6B
5L0YA_5L0YA,5L0YA
6AWC05_6ZTJCE,6ZTJCE
2VR9A_2VR9A,2VR9A
2BKEA_2BKEA,2BKEA
2AKAB_3ZYCD,3ZYCD
3ZQJA_3ZQJF,3ZQJF
2O01N_5ZJIN,5ZJIN
1N03A_1U94A,1U94A
4OVEA_6FKQA,6FKQA
5WYJMB_5WYJMB,5WYJMB
1F08A_7APDG,7APDG
2Q5ZA_2Q5ZA,2Q5ZA
4KY0A_5DWYA,5DWYA
6GCSd_6GCSd,6GCSd
6CRKH_7E9HD,7E9HD
5DIRA_6FMSB,6FMSB
3JAJ6_4P3FA,4P3FA
1DGMA_1DGMA,1DGMA
2Z63A_2Z63A,2Z63A
3AU2A_3AU6A,3AU6A
2CDEB_3TYFB,3TYFB
6U425C_6U425C,6U425C
5UJ7A_5UJ7B,5UJ7B
2OP5A_2OP5C,2OP5C
5IJIA_5JEQA,5JEQA
7YAGA_7YAGA,7YAGA
3ZX8A_3ZX9C,3ZX9C
6E7OA_6E7OC,6E7OC
2HMFA_2HMFA,2HMFA
1UTBA_2Y7KA,2Y7KA
4E75A_4E75A,4E75A
1FOUA_6QX70a,6QX70a
3J08A_3J08B,3J08B
2VWIA_5DBXB,5DBXB
4F0PA_4F0PA,4F0PA
6V1RA_6V1RA,6V1RA
1IHOA_3MUEB,3MUEB
6EMLr_8C01r,8C01r
5U32A_6U00A,6U00A
4TVPB_5THRA,5THRA
1Y0LA_3CFJA,3CFJA
4PJ1A_4PJ1G,4PJ1G
7KMXA_7KMXA,7KMXA
3MA8A_3MA8A,3MA8A
5VBLB_5VBLB,5VBLB
6IC4G_6IC4G,6IC4G
2HJWA_3GIDA,3GIDA
2F7SA_2F7SA,2F7SA
2WUZA_2WX2B,2WX2B
3QE9Y_7MXTZ,7MXTZ
7EMFS_7NVRm,7NVRm
5GM6q_5LJ5v,5LJ5v
1HCPA_1HCPA,1HCPA
7SQDA_7SQDD,7SQDD
3BGWA_3BGWA,3BGWA
5AYWA_6LYQA,6LYQA
1KLTA_1NN6A,1NN6A
3EGIA_3EGIA,3EGIA
8HDTA_8HDTA,8HDTA
1MIML_3MCLL,3MCLL
2KQ7A_2KQ7A,2KQ7A
7A7BA_7A7BH,7A7BH
3THWB_8OM5B,8OM5B
2EBTA_2EBTA,2EBTA
1BCCB_1BCCB,1BCCB
1GKAA_1GKAA,1GKAA
3J16F_4V4BBH,4V4BBH
1BDFA_6PB5A,6PB5A
1A0HB_1MKWK,1MKWK
7NP7B1_7NP7B1,7NP7B1
2MWYA_2N06A,2N06A
2JO8A_4OH8A,4OH8A
4L6V9_6HQBI,6HQBI
5SVGA_5SVGB,5SVGB
1LYAA_1LYAA,1LYAA
3K3KA_3K3KA,3K3KA
1W9GA_1WWQA,1WWQA
2QFBA_2RMJA,2RMJA
5LER1A_5LER1B,5LER1B
2P7KA_2P7OA,2P7OA
7APXC_7AQOJ,7AQOJ
7LCYA_7LCYB,7LCYB
1C5DB_1C5DB,1C5DB
5C74A_5H5EA,5H5EA
3WVFA_3WVFA,3WVFA
5GRVL_8EK1A,8EK1A
4GVPA_4IF4C,4IF4C
1WNRA_1WNRC,1WNRC
4FCTA_4FD2A,4FD2A
4WRTA_4WSAA,4WSAA
1QGTA_3V6ZE,3V6ZE
1YC5A_2H2IA,2H2IA
5X9QA_5X9QA,5X9QA
1DT3A_6OR3A,6OR3A
6Z74A_6ZA7B,6ZA7B
1ADQH_1ADQH,1ADQH
4UV4H_4UV4H,4UV4H
1SSFA_1SSFA,1SSFA
2B7OA_2YPQB,2YPQB
6HIVDF_6HIVDF,6HIVDF
8BDZA_8BERB,8BERB
3ALPA_3U83A,3U83A
7OOCN_7PIAN,7PIAN
1DGUA_1Y1AA,1Y1AA
1JK4A_1L5CA,1L5CA
4AM1A_4BG4A,4BG4A
5ZX2F_5ZX2F,5ZX2F
1NH7A_1NH7A,1NH7A
1A64A_1A64A,1A64A
4LL9A_4LL9A,4LL9A
4Q5VA_8D0KF,8D0KF
3CKKA_7PL1A,7PL1A
1BO1A_1BO1A,1BO1A
1QZTA_1QZTB,1QZTB
3J9MAL_6NU3AL,6NU3AL
1WA9A_1WA9A,1WA9A
5OQLq_6RXZCf,6RXZCf
6N2Yb1_6N2Yb1,6N2Yb1
5GUPd_5GUPd,5GUPd
7W06A_7W06A,7W06A
4XWSA_4XWSA,4XWSA
1BLNB_3FFDA,3FFDA
3LLSA_3LLSA,3LLSA
1VVJRE_4V4IC,4V4IC
1G5CA_1G5CA,1G5CA
4ILQA_4ILQA,4ILQA
5B08A_5B08B,5B08B
7APXD_7AQOI,7AQOI
7FBBA_7FBBA,7FBBA
7YL4A_7YL4A,7YL4A
5IUUA_5IUUA,5IUUA
2W5JA_4MJNB,4MJNB
4GU5A_4JZYA,4JZYA
4FYQA_4FYTA,4FYTA
5UQOA_5UQUB,5UQUB
7C10A_7C12B,7C12B
1XWIA_1XWIA,1XWIA
6I9EA_6I9EA,6I9EA
7NPDA_7NPEC,7NPEC
6A2WA_6JLU0,6JLU0
12E8L_12E8L,12E8L
3J9MAV_3JD5e,3JD5e
4M57A_4M57A,4M57A
7MSCx_7MSHx,7MSHx
4R83A_4R83D,4R83D
3JAPo_6GSMo,6GSMo
7QW5A_7QW5A,7QW5A
1XWNA_2K7NA,2K7NA
2BHOA_2BSJA,2BSJA
5J9TC_5J9TC,5J9TC
4XMPL_4XMPL,4XMPL
5FOAE_5FOAF,5FOAF
5LC5q_5LDWq,5LDWq
2MJLA_2MJLA,2MJLA
5GARN_5Y5ZN,5Y5ZN
1A3RL_1SBSL,1SBSL
